,title,creator,modified,occurence_date,release_date
0,Railway Investigation Report R00C0159 - Transportation Safety Board of Canada,"Government of Canada, Transportation Safety Board of Canada",2016-03-17,19 December 2000,04 February 2002
1,Railway Investigation Report R00D0026 - Transportation Safety Board of Canada,"Government of Canada, Transportation Safety Board of Canada",2016-03-23,10 March 2000,10 July 2001
2,Railway Investigation Report R00D0098 - Transportation Safety Board of Canada,"Government of Canada, Transportation Safety Board of Canada",2016-03-23,30 August 2000,26 February 2002
3,Railway Investigation Report R00E0126 - Transportation Safety Board of Canada,"Government of Canada, Transportation Safety Board of Canada",2016-03-23,12 December 2000,06 December 2002
4,Railway Investigation Report R00H0004 - Transportation Safety Board of Canada,"Government of Canada, Transportation Safety Board of Canada",2016-03-23,20 June 2000,18 December 2002
5,Railway Investigation Report R00M0007 - Transportation Safety Board of Canada,"Government of Canada, Transportation Safety Board of Canada",2016-03-31,30 January 2000,22 April 2003
6,Railway Investigation Report R00M0044 - Transportation Safety Board of Canada,"Government of Canada, Transportation Safety Board of Canada",2016-03-31,9 December 2000,30 October 2002
7,Railway Investigation Report R00Q0023 - Transportation Safety Board of Canada,"Government of Canada, Transportation Safety Board of Canada",2016-03-31,22 May 2000,14 August 2002
8,Railway Investigation Report R00T0067 - Transportation Safety Board of Canada,"Government of Canada, Transportation Safety Board of Canada",2016-03-31,14 March 2000,19 July 2001
9,Railway Investigation Report R00T0179 - Transportation Safety Board of Canada,"Government of Canada, Transportation Safety Board of Canada",2016-04-01,9 July 2000,17 July 2002
10,Railway Investigation Report R00T0257 - Transportation Safety Board of Canada,"Government of Canada, Transportation Safety Board of Canada",2016-04-01,28 September 2000,22 January 2003
11,Railway Investigation Report R00T0324 - Transportation Safety Board of Canada,"Government of Canada, Transportation Safety Board of Canada",2016-04-01,10 December 2000,17 December 2002
12,Railway Investigation Report R00V0060 - Transportation Safety Board of Canada,"Government of Canada, Transportation Safety Board of Canada",2016-04-01,19 April 2000,20 August 2002
13,Railway Investigation Report R00V0206 - Transportation Safety Board of Canada,"Government of Canada, Transportation Safety Board of Canada",2016-04-01,13 December 2000,12 November 2002
14,Railway Investigation R00W0106 - Transportation Safety Board of Canada,"Government of Canada, Transportation Safety Board of Canada",2016-04-04,16 May 2000,12 April 2002
15,Railway Investigation Report R00W0246 - Transportation Safety Board of Canada,"Government of Canada, Transportation Safety Board of Canada",2016-04-04,30 November 2000,17 December 2002
16,Railway Investigation Report R00W0253 - Transportation Safety Board of Canada,"Government of Canada, Transportation Safety Board of Canada",2016-04-04,11 December 2000,27 January 2003
17,Railway Investigation Report R01D0097 - Transportation Safety Board of Canada,"Government of Canada, Transportation Safety Board of Canada",2016-04-04,29 August 2001,14 May 2003
18,Railway Investigation Report R01E0009 - Transportation Safety Board of Canada,"Government of Canada, Transportation Safety Board of Canada",2016-04-04,2 February 2001,05 December 2002
19,Railway Investigation Report R01H0005 - Transportation Safety Board of Canada,"Government of Canada, Transportation Safety Board of Canada",2016-04-05,12 March 2001,17 December 2002
20,Railway Investigation Report R01M0024 - Transportation Safety Board of Canada,"Government of Canada, Transportation Safety Board of Canada",2016-04-05,12 April 2001,07 January 2003
21,Railway Investigation Report R01M0061 - Transportation Safety Board of Canada,"Government of Canada, Transportation Safety Board of Canada",2016-04-08,6 October 2001,08 January 2004
22,Railway Investigation Report R01Q0010 - Transportation Safety Board of Canada,"Government of Canada, Transportation Safety Board of Canada",2016-04-08,15 February 2001,22 April 2003
23,Railway Investigation Report R01T0006 - Transportation Safety Board of Canada,"Government of Canada, Transportation Safety Board of Canada",2016-04-08,16 January 2001,16 July 2003
24,Railway Investigation Report R01T0129 - Transportation Safety Board of Canada,"Government of Canada, Transportation Safety Board of Canada",2016-04-08,9 May 2001,03 October 2001
25,Railway Investigation Report R01T0255 - Transportation Safety Board of Canada,"Government of Canada, Transportation Safety Board of Canada",2016-04-08,24 September 2001,17 December 2002
26,Railway Investigation Report R01W0007 - Transportation Safety Board of Canada,"Government of Canada, Transportation Safety Board of Canada",2016-04-08,8 January 2001,12 February 2003
27,Railway Investigation Report R01W0182 - Transportation Safety Board of Canada,"Government of Canada, Transportation Safety Board of Canada",2016-04-11,1 October 2001,06 May 2003
28,Railway Investigation Report R02C0013 - Transportation Safety Board of Canada,"Government of Canada, Transportation Safety Board of Canada",2016-04-11,3 March 2002,17 December 2002
29,Railway Investigation Report R02C0022 - Transportation Safety Board of Canada,"Government of Canada, Transportation Safety Board of Canada",2016-04-11,24 March 2002,18 June 2003
30,Railway Investigation Report R02C0050 - Transportation Safety Board of Canada,"Government of Canada, Transportation Safety Board of Canada",2016-04-14,8 July 2002,13 July 2004
31,Railway Investigation Report R02C0054 - Transportation Safety Board of Canada,"Government of Canada, Transportation Safety Board of Canada",2016-04-14,23 July 2002,02 June 2003
32,Railway Investigation Report R02D0069 - Transportation Safety Board of Canada,"Government of Canada, Transportation Safety Board of Canada",2016-04-14,3 July 2002,16 February 2004
33,Railway Investigation Report R02D0113 - Transportation Safety Board of Canada,"Government of Canada, Transportation Safety Board of Canada",2016-04-14,24 October 2002,13 July 2004
34,Railway Investigation Report R02E0114 - Transportation Safety Board of Canada,"Government of Canada, Transportation Safety Board of Canada",2016-04-14,4 December 2002,22 September 2004
35,Railway Investigation Report R02M0007 - Transportation Safety Board of Canada,"Government of Canada, Transportation Safety Board of Canada",2016-04-14,15 February 2002,22 April 2003
36,Railway Investigation Report R02M0050 - Transportation Safety Board of Canada,"Government of Canada, Transportation Safety Board of Canada",2016-05-11,13 August 2002,13 November 2003
37,Railway Investigation Report R02Q0021 - Transportation Safety Board of Canada,"Government of Canada, Transportation Safety Board of Canada",2016-05-11,18 March 2002,04 March 2004
38,Railway Investigation Report R02Q0041 - Transportation Safety Board of Canada,"Government of Canada, Transportation Safety Board of Canada",2016-05-16,22 July 2002,07 July 2004
39,Railway Investigation Report R02T0008 - Transportation Safety Board of Canada,"Government of Canada, Transportation Safety Board of Canada",2017-01-16,12 January 2002,17 December 2002
40,Railway Investigation Report R02T0047 - Transportation Safety Board of Canada,"Government of Canada, Transportation Safety Board of Canada",2017-01-16,22 February 2002,16 July 2003
41,Railway Investigation Report R02T0149 - Transportation Safety Board of Canada,"Government of Canada, Transportation Safety Board of Canada",2017-01-16,13 May 2002,07 January 2003
42,Railway Investigation Report R02V0057 - Transportation Safety Board of Canada,"Government of Canada, Transportation Safety Board of Canada",2017-01-16,28 April 2002,16 July 2003
43,Railway Investigation Report R02W0060 - Transportation Safety Board of Canada,"Government of Canada, Transportation Safety Board of Canada",2017-01-16,26 April 2002,09 July 2003
44,Railway Investigation Report R02W0063 - Transportation Safety Board of Canada,"Government of Canada, Transportation Safety Board of Canada",2017-01-18,2 May 2002,
45,Railway Investigation Report R03C0101 - Transportation Safety Board of Canada,"Government of Canada, Transportation Safety Board of Canada",2017-01-18,24 October 2003,21 April 2005
46,Railway Investigation Report R03D0042 - Transportation Safety Board of Canada,"Government of Canada, Transportation Safety Board of Canada",2017-01-18,27 March 2003,19 April 2004
47,Railway Investigation Report R03Q0003 - Transportation Safety Board of Canada,"Government of Canada, Transportation Safety Board of Canada",2017-01-18,20 January 2003,26 August 2004
48,Railway Investigation Report R03Q0022 - Transportation Safety Board of Canada,"Government of Canada, Transportation Safety Board of Canada",2017-01-18,12 May 2003,11 August 2004
49,Railway Investigation Report R03Q0036 - Transportation Safety Board of Canada,"Government of Canada, Transportation Safety Board of Canada",2017-01-18,30 July 2003,21 February 2005
50,Railway Investigation Report R03T0026 - Transportation Safety Board of Canada,"Government of Canada, Transportation Safety Board of Canada",2017-01-18,21 January 2003,22 September 2004
51,Railway Investigation Report R03T0047 - Transportation Safety Board of Canada,"Government of Canada, Transportation Safety Board of Canada",2017-01-18,22 January 2003,04 August 2004
52,Railway Investigation Report R03T0064 - Transportation Safety Board of Canada,"Government of Canada, Transportation Safety Board of Canada",2017-01-20,13 February 2003,22 September 2004
53,Railway Investigation Report R03T0080 - Transportation Safety Board of Canada,"Government of Canada, Transportation Safety Board of Canada",2017-01-20,21 February 2003,27 July 2004
54,Railway Investigation Report R03T0157 - Transportation Safety Board of Canada,"Government of Canada, Transportation Safety Board of Canada",2017-01-20,21 May 2003,13 July 2004
55,Railway Investigation Report R03T0158 - Transportation Safety Board of Canada,"Government of Canada, Transportation Safety Board of Canada",2017-01-20,21 May 2003,12 October 2004
56,Railway Investigation Report R03V0019 - Transportation Safety Board of Canada,"Government of Canada, Transportation Safety Board of Canada",2017-01-20,5 February 2003,26 October 2004
57,Railway Investigation Report R03V0083 - Transportation Safety Board of Canada,"Government of Canada, Transportation Safety Board of Canada",2017-01-24,14 May 2003,
58,Railway Investigation Report R03W0169 - Transportation Safety Board of Canada,"Government of Canada, Transportation Safety Board of Canada",2017-01-24,19 October 2003,
59,Railway Investigation Report R04C0110 - Transportation Safety Board of Canada,"Government of Canada, Transportation Safety Board of Canada",2017-01-24,24 October 2004,07 March 2006
60,Railway Investigation Report R04E0027 - Transportation Safety Board of Canada,"Government of Canada, Transportation Safety Board of Canada",2017-01-24,4 March 2004,25 October 2005
61,Railway Investigation Report R04H0009 - Transportation Safety Board of Canada,"Government of Canada, Transportation Safety Board of Canada",2017-01-25,28 June 2004,10 January 2006
62,Railway Investigation Report R04H0014 - Transportation Safety Board of Canada,"Government of Canada, Transportation Safety Board of Canada",2017-01-25,6 October 2004,15 February 2006
63,Railway Investigation Report R04M0032 - Transportation Safety Board of Canada,"Government of Canada, Transportation Safety Board of Canada",2017-01-25,18 April 2004,21 March 2005
64,Railway Investigation Report R04Q0006 - Transportation Safety Board of Canada,"Government of Canada, Transportation Safety Board of Canada",2017-01-26,7 February 2004,10 January 2006
65,Railway Investigation Report R04Q0016 - Transportation Safety Board of Canada,"Government of Canada, Transportation Safety Board of Canada",2017-01-26,17 March 2004,22 December 2004
66,Railway Investigation Report R04Q0040 - Transportation Safety Board of Canada,"Government of Canada, Transportation Safety Board of Canada",2017-01-26,17 August 2004,27 September 2007
67,Railway Investigation Report R04Q0047 - Transportation Safety Board of Canada,"Government of Canada, Transportation Safety Board of Canada",2017-01-26,12 November 2004,26 September 2005
68,Railway Investigation Report R04S0001 - Transportation Safety Board of Canada,"Government of Canada, Transportation Safety Board of Canada",2017-01-26,8 January 2004,01 December 2004
69,Railway Investigation Report R04T0008 - Transportation Safety Board of Canada,"Government of Canada, Transportation Safety Board of Canada",2017-01-27,14 January 2004,
70,Railway Investigation Report R04T0013 - Transportation Safety Board of Canada,"Government of Canada, Transportation Safety Board of Canada",2017-01-27,22 January 2004,21 April 2005
71,Railway Investigation Report R04T0161 - Transportation Safety Board of Canada,"Government of Canada, Transportation Safety Board of Canada",2017-01-27,25 July 2004,26 July 2006
72,Railway Investigation Report R04V0100 - Transportation Safety Board of Canada,"Government of Canada, Transportation Safety Board of Canada",2017-01-27,8 July 2004,23 June 2006
73,Railway Investigation Report R04V0173 - Transportation Safety Board of Canada,"Government of Canada, Transportation Safety Board of Canada",2017-01-27,24 October 2004,01 February 2006
74,Railway Investigation Report R04W0035 - Transportation Safety Board of Canada,"Government of Canada, Transportation Safety Board of Canada",2017-01-24,17 February 2004,25 January 2005
75,Railway Investigation Report R04W0148 - Transportation Safety Board of Canada,"Government of Canada, Transportation Safety Board of Canada",2019-11-29,8 August 2004,28 July 2005
76,Railway Investigation Report R05C0049 - Transportation Safety Board of Canada,"Government of Canada, Transportation Safety Board of Canada",2017-01-30,9 February 2005,28 March 2007
77,Railway Investigation Report R05C0082 - Transportation Safety Board of Canada,"Government of Canada, Transportation Safety Board of Canada",2017-01-30,27 May 2005,13 July 2007
78,Railway Investigation Report R05C0116 - Transportation Safety Board of Canada,"Government of Canada, Transportation Safety Board of Canada",2017-01-30,13 July 2005,08 December 2006
79,Railway Investigation Report R05E0008 - Transportation Safety Board of Canada,"Government of Canada, Transportation Safety Board of Canada",2017-01-30,31 January 2005,09 January 2007
80,Railway Investigation Report R05E0059 - Transportation Safety Board of Canada,"Government of Canada, Transportation Safety Board of Canada",2017-01-30,3 August 2005,
81,Railway Investigation Report R05H0011 - Transportation Safety Board of Canada,"Government of Canada, Transportation Safety Board of Canada",2017-01-30,2 May 2005,01 March 2006
82,Railway Investigation Report R05H0013 - Transportation Safety Board of Canada,"Government of Canada, Transportation Safety Board of Canada",2017-01-30,4 July 2005,29 May 2006
83,Railway Investigation Report R05Q0010 - Transportation Safety Board of Canada,"Government of Canada, Transportation Safety Board of Canada",2017-01-31,23 February 2005,08 August 2006
84,Railway Investigation Report R05Q0033 - Transportation Safety Board of Canada,"Government of Canada, Transportation Safety Board of Canada",2017-02-02,31 July 2005,18 April 2007
85,Railway Investigation Report R05Q0040 - Transportation Safety Board of Canada,"Government of Canada, Transportation Safety Board of Canada",2017-02-02,22 August 2005,27 September 2007
86,Railway Investigation Report R05T0030 - Transportation Safety Board of Canada,"Government of Canada, Transportation Safety Board of Canada",2017-02-03,17 February 2005,
87,Railway Investigation Report R05V0141 - Transportation Safety Board of Canada,"Government of Canada, Transportation Safety Board of Canada",2017-02-03,5 August 2005,
88,Railway Investigation Report R05W0014 - Transportation Safety Board of Canada,"Government of Canada, Transportation Safety Board of Canada",2017-02-23,12 January 2005,17 May 2006
89,Railway Investigation Report R06C0104 - Transportation Safety Board of Canada,"Government of Canada, Transportation Safety Board of Canada",2017-02-23,31 July 2006,11 February 2008
90,Railway Investigation Report R06D0044 - Transportation Safety Board of Canada,"Government of Canada, Transportation Safety Board of Canada",2017-02-23,22 November 2006,05 February 2008
91,Railway Investigation Report R06H0013 - Transportation Safety Board of Canada,"Government of Canada, Transportation Safety Board of Canada",2017-02-24,6 June 2006,27 September 2007
92,Railway Investigation Report R06Q0046 - Transportation Safety Board of Canada,"Government of Canada, Transportation Safety Board of Canada",2017-02-24,15 May 2006,05 February 2007
93,Railway Investigation Report R06Q0054 - Transportation Safety Board of Canada,"Government of Canada, Transportation Safety Board of Canada",2017-03-13,4 June 2006,18 July 2007
94,Railway Investigation Report R06Q0096 - Transportation Safety Board of Canada,"Government of Canada, Transportation Safety Board of Canada",2017-03-13,27 August 2006,21 November 2007
95,Railway Investigation Report R06T0022 - Transportation Safety Board of Canada,"Government of Canada, Transportation Safety Board of Canada",2017-03-17,31 January 2006,10 January 2008
96,Railway Investigation Report R06T0153 - Transportation Safety Board of Canada,"Government of Canada, Transportation Safety Board of Canada",2017-03-13,14 July 2006,28 March 2007
97,Railway Investigation Report R06T0281 - Transportation Safety Board of Canada,"Government of Canada, Transportation Safety Board of Canada",2017-03-13,11 November 2006,26 June 2008
98,Railway Investigation Report R06V0111 - Transportation Safety Board of Canada,"Government of Canada, Transportation Safety Board of Canada",2017-03-14,21 May 2006,13 March 2008
99,Railway Investigation Report R06V0119 - Transportation Safety Board of Canada,"Government of Canada, Transportation Safety Board of Canada",2017-03-14,28 May 2006,19 March 2008
100,Railway Investigation Report R06V0136 - Transportation Safety Board of Canada,"Government of Canada, Transportation Safety Board of Canada",2017-03-14,29 June 2006,20 May 2009
101,Railway Investigation Report R06V0183 - Transportation Safety Board of Canada,"Government of Canada, Transportation Safety Board of Canada",2017-03-14,3 September 2006,25 July 2008
102,Railway Investigation Report R06W0079 - Transportation Safety Board of Canada,"Government of Canada, Transportation Safety Board of Canada",2017-03-14,22 May 2006,17 May 2007
103,Railway Investigation Report R07C0040 - Transportation Safety Board of Canada,"Government of Canada, Transportation Safety Board of Canada",2017-03-14,22 April 2007,05 August 2009
104,Railway Investigation Report R07D0009 - Transportation Safety Board of Canada,"Government of Canada, Transportation Safety Board of Canada",2015-10-22,12 February 2007,30 July 2008
105,Railway Investigation Report R07D0030 - Transportation Safety Board of Canada,"Government of Canada, Transportation Safety Board of Canada",2017-03-16,29 March 2007,30 January 2008
106,Railway Investigation Report R07D0111 - Transportation Safety Board of Canada,"Government of Canada, Transportation Safety Board of Canada",2017-03-16,17 December 2007,26 February 2009
107,Railway Investigation Report R07E0129 - Transportation Safety Board of Canada,"Government of Canada, Transportation Safety Board of Canada",2017-03-16,27 October 2007,30 September 2008
108,Railway Investigation Report R07H0015 - Transportation Safety Board of Canada,"Government of Canada, Transportation Safety Board of Canada",2017-03-16,4 July 2007,16 July 2008
109,Railway Investigation Report R07M0017 - Transportation Safety Board of Canada,"Government of Canada, Transportation Safety Board of Canada",2017-03-16,3 March 2007,10 June 2008
110,Railway Investigation Report R07Q0001 - Transportation Safety Board of Canada,"Government of Canada, Transportation Safety Board of Canada",2017-03-17,7 January 2007,31 July 2008
111,Railway Investigation Report R07T0110 - Transportation Safety Board of Canada,"Government of Canada, Transportation Safety Board of Canada",2017-03-17,28 April 2007,14 May 2008
112,Railway Investigation Report R07T0240 - Transportation Safety Board of Canada,"Government of Canada, Transportation Safety Board of Canada",2017-03-17,25 August 2007,26 June 2008
113,Railway Investigation Report R07T0270 - Transportation Safety Board of Canada,"Government of Canada, Transportation Safety Board of Canada",2017-03-20,17 September 2007,04 September 2009
114,Railway Investigation Report R07T0323 - Transportation Safety Board of Canada,"Government of Canada, Transportation Safety Board of Canada",2017-03-21,30 October 2007,30 July 2008
115,Railway Investigation Report R07V0109 - Transportation Safety Board of Canada,"Government of Canada, Transportation Safety Board of Canada",2017-03-21,23 April 2007,
116,Railway Investigation Report R07V0213 - Transportation Safety Board of Canada,"Government of Canada, Transportation Safety Board of Canada",2015-10-22,4 August 2007,
117,Railway Investigation Report R07W0042 - Transportation Safety Board of Canada,"Government of Canada, Transportation Safety Board of Canada",2017-03-21,13 February 2007,27 November 2007
118,Railway Investigation Report R08C0164 - Transportation Safety Board of Canada,"Government of Canada, Transportation Safety Board of Canada",2017-03-22,30 November 2008,10 November 2009
119,Railway Investigation Report R08E0150 - Transportation Safety Board of Canada,"Government of Canada, Transportation Safety Board of Canada",2017-03-22,18 December 2008,24 March 2010
120,Railway Investigation Report R08M0002 - Transportation Safety Board of Canada,"Government of Canada, Transportation Safety Board of Canada",2017-03-22,19 January 2008,17 September 2008
121,Railway Investigation Report R08M0015 - Transportation Safety Board of Canada,"Government of Canada, Transportation Safety Board of Canada",2017-03-22,12 March 2008,07 April 2009
122,Railway Investigation Report R08M0063 - Transportation Safety Board of Canada,"Government of Canada, Transportation Safety Board of Canada",2017-03-22,3 July 2008,13 May 2009
123,Railway Investigation Report R08Q0028 - Transportation Safety Board of Canada,"Government of Canada, Transportation Safety Board of Canada",2017-03-22,31 December 2008,21 October 2009
124,Railway Investigation Report R08T0029 - Transportation Safety Board of Canada,"Government of Canada, Transportation Safety Board of Canada",2017-03-22,18 February 2008,09 December 2008
125,Railway Investigation Report R08T0158 - Transportation Safety Board of Canada,"Government of Canada, Transportation Safety Board of Canada",2017-03-22,15 July 2008,24 August 2009
126,Railway Investigation Report R08V0270 - Transportation Safety Board of Canada,"Government of Canada, Transportation Safety Board of Canada",2017-03-23,29 December 2008,26 May 2010
127,Railway Investigation Report R08W0058 - Transportation Safety Board of Canada,"Government of Canada, Transportation Safety Board of Canada",2017-03-23,7 April 2008,14 January 2009
128,Railway Investigation Report R08W0181 - Transportation Safety Board of Canada,"Government of Canada, Transportation Safety Board of Canada",2017-03-23,9 September 2008,11 March 2009
129,Railway Investigation Report R08W0219 - Transportation Safety Board of Canada,"Government of Canada, Transportation Safety Board of Canada",2017-03-23,22 October 2008,20 January 2010
130,Railway Investigation Report R09D0012 - Transportation Safety Board of Canada,"Government of Canada, Transportation Safety Board of Canada",2017-03-23,6 February 2009,23 December 2009
131,Railway Investigation Report R09D0053 - Transportation Safety Board of Canada,"Government of Canada, Transportation Safety Board of Canada",2017-03-23,9 September 2009,22 September 2010
132,Railway Investigation Report R09H0006 - Transportation Safety Board of Canada,"Government of Canada, Transportation Safety Board of Canada",2017-03-23,3 June 2009,22 July 2010
133,Railway Investigation Report R09H0010 - Transportation Safety Board of Canada,"Government of Canada, Transportation Safety Board of Canada",2017-03-23,16 August 2009,08 June 2010
134,Railway Investigation Report R09Q0030 - Transportation Safety Board of Canada,"Government of Canada, Transportation Safety Board of Canada",2017-03-23,17 July 2009,18 February 2010
135,Railway Investigation Report R09Q0047 - Transportation Safety Board of Canada,"Government of Canada, Transportation Safety Board of Canada",2017-03-23,21 November 2009,30 September 2010
136,Railway Investigation Report R09T0057 - Transportation Safety Board of Canada,"Government of Canada, Transportation Safety Board of Canada",2017-03-23,11 February 2009,04 August 2010
137,Railway Investigation Report R09T0092 - Transportation Safety Board of Canada,"Government of Canada, Transportation Safety Board of Canada",2017-03-24,21 March 2009,29 September 2010
138,Railway Investigation Report R09T0151 - Transportation Safety Board of Canada,"Government of Canada, Transportation Safety Board of Canada",2017-03-24,5 June 2009,09 June 2011
139,Railway Investigation Report R09V0219 - Transportation Safety Board of Canada,"Government of Canada, Transportation Safety Board of Canada",2017-03-28,14 October 2009,21 July 2010
140,Railway Investigation Report R09V0230 - Transportation Safety Board of Canada,"Government of Canada, Transportation Safety Board of Canada",2017-03-28,30 October 2009,12 August 2010
141,Railway Investigation Report R09V0235 - Transportation Safety Board of Canada,"Government of Canada, Transportation Safety Board of Canada",2017-03-29,17 November 2009,05 August 2010
142,Railway Investigation Report R09W0016 - Transportation Safety Board of Canada,"Government of Canada, Transportation Safety Board of Canada",2017-03-29,14 January 2009,07 July 2010
143,Railway Investigation Report R09W0033 - Transportation Safety Board of Canada,"Government of Canada, Transportation Safety Board of Canada",2017-03-30,13 February 2009,26 March 2010
144,Railway Investigation Report R09W0118 - Transportation Safety Board of Canada,"Government of Canada, Transportation Safety Board of Canada",2017-03-30,28 June 2009,22 July 2010
145,Railway Investigation Report R09W0252 - Transportation Safety Board of Canada,"Government of Canada, Transportation Safety Board of Canada",2017-03-30,5 December 2009,05 January 2011
146,,,,,
147,Railway Investigation Report R10C0016 - Transportation Safety Board of Canada,"Government of Canada, Transportation Safety Board of Canada",2015-10-22,3 February 2010,17 August 2011
148,Railway Investigation Report R10C0086 - Transportation Safety Board of Canada,"Government of Canada, Transportation Safety Board of Canada",2017-03-31,3 August 2010,8 November 2011
149,Railway Investigation Report R10D0077 - Transportation Safety Board of Canada,"Government of Canada, Transportation Safety Board of Canada",2017-03-31,23 September 2010,28 October 2011
150,Railway Investigation Report R10D0088 - Transportation Safety Board of Canada,"Government of Canada, Transportation Safety Board of Canada",2017-03-31,18 October 2010,21 October 2011
151,Railway Investigation Report R10E0056 - Transportation Safety Board of Canada,"Government of Canada, Transportation Safety Board of Canada",2017-04-04,4 May 2010,09 August 2011
152,Railway Investigation Report R10E0080 - Transportation Safety Board of Canada,"Government of Canada, Transportation Safety Board of Canada",2017-04-05,6 July 2010,17 October 2011
153,Railway Investigation Report R10E0096 - Transportation Safety Board of Canada,"Government of Canada, Transportation Safety Board of Canada",2017-04-05,18 August 2010,26 October 2011
154,Railway Investigation Report R10M0026 - Transportation Safety Board of Canada,"Government of Canada, Transportation Safety Board of Canada",2017-04-05,13 June 2010,07 July 2011
155,Railway Investigation Report R10Q0011 - Transportation Safety Board of Canada,"Government of Canada, Transportation Safety Board of Canada",2017-04-05,25 February 2010,14 October 2010
156,Railway Investigation Report R10Q0037 - Transportation Safety Board of Canada,"Government of Canada, Transportation Safety Board of Canada",2017-04-06,23 August 2010,14 June 2011
157,Railway Investigation Report R10T0020 - Transportation Safety Board of Canada,"Government of Canada, Transportation Safety Board of Canada",2017-04-06,9 February 2010,28 September 2011
158,Railway Investigation Report R10T0035 - Transportation Safety Board of Canada,"Government of Canada, Transportation Safety Board of Canada",2017-04-06,2 March 2010,11 August 2010
159,Railway Investigation Report R10T0056 - Transportation Safety Board of Canada,"Government of Canada, Transportation Safety Board of Canada",2017-04-06,30 March 2010,24 February 2011
160,Railway Investigation Report R10T0213 - Transportation Safety Board of Canada,"Government of Canada, Transportation Safety Board of Canada",2017-04-06,1 October 2010,26 October 2011
161,Railway Investigation Report R10V0038 - Transportation Safety Board of Canada,"Government of Canada, Transportation Safety Board of Canada",2017-04-07,3 March 2010,23 June 2011
162,Railway Investigation Report R10W0123 - Transportation Safety Board of Canada,"Government of Canada, Transportation Safety Board of Canada",2017-04-07,14 June 2010,07 July 2011
163,Rail Investigation Report R11C0118 - Transportation Safety Board of Canada,"Government of Canada, Transportation Safety Board of Canada",2017-04-07,21 October 2011,05 September 2012
164,Rail Investigation Report R11D0075 - Transportation Safety Board of Canada,"Government of Canada, Transportation Safety Board of Canada",2017-04-07,24 September 2011,31 October 2012
165,Railway Investigation Report R11D0099 - Transportation Safety Board of Canada,"Government of Canada, Transportation Safety Board of Canada",2017-04-07,9 December 2011,12 December 2012
166,Rail Investigation Report R11E0063 - Transportation Safety Board of Canada,"Government of Canada, Transportation Safety Board of Canada",2017-04-07,23 June 2011,26 September 2012
167,Rail Investigation Report R11Q0050 - Transportation Safety Board of Canada,"Government of Canada, Transportation Safety Board of Canada",2017-04-07,26 September 2011,21 November 2012
168,Railway Investigation Report R11Q0056 - Transportation Safety Board of Canada,"Government of Canada, Transportation Safety Board of Canada",2017-04-10,11 December 2011,09 January 2013
169,Railway Investigation Report R11T0016 - Transportation Safety Board of Canada,"Government of Canada, Transportation Safety Board of Canada",2017-04-10,26 January 2011,7 December 2011
170,Railway Investigation Report R11T0034 - Transportation Safety Board of Canada,"Government of Canada, Transportation Safety Board of Canada",2017-04-10,6 February 2011,18 April 2012
171,Railway Investigation Report R11T0113 - Transportation Safety Board of Canada,"Government of Canada, Transportation Safety Board of Canada",2017-04-12,27 May 2011,15 December 2011
172,Railway Investigation Report R11T0161 - Transportation Safety Board of Canada,"Government of Canada, Transportation Safety Board of Canada",2017-04-12,14 July 2011,15 August 2012
173,Rail Investigation R11T0162 - Transportation Safety Board of Canada,"Government of Canada, Transportation Safety Board of Canada",2017-04-18,14 July 2011,26 September 2012
174,Rail Investigation Report R11T0175 - Transportation Safety Board of Canada,"Government of Canada, Transportation Safety Board of Canada",2017-04-18,29 July 2011,05 September 2012
175,Railway Investigation Report R11V0039 - Transportation Safety Board of Canada,"Government of Canada, Transportation Safety Board of Canada",2017-04-18,12 February 2011,18 April 2012
176,Railway Investigation Report R11V0057 - Transportation Safety Board of Canada,"Government of Canada, Transportation Safety Board of Canada",2017-04-18,8 March 2011,18 April 2012
177,Railway Investigation Report R11V0254 - Transportation Safety Board of Canada,"Government of Canada, Transportation Safety Board of Canada",2017-04-19,21 December 2011,09 January 2013
178,Railway Investigation Report R11V0257 - Transportation Safety Board of Canada,"Government of Canada, Transportation Safety Board of Canada",2017-04-19,27 December 2011,06 March 2013
179,Railway Investigation Report R11W0247 - Transportation Safety Board of Canada,"Government of Canada, Transportation Safety Board of Canada",2017-04-19,29 October 2011,26 September 2012
180,Railway Investigation Report R12C0051 - Transportation Safety Board of Canada,"Government of Canada, Transportation Safety Board of Canada",2017-04-19,21 April 2012,17 April 2013
181,Railway Investigation Report R12D0063 - Transportation Safety Board of Canada,"Government of Canada, Transportation Safety Board of Canada",2017-04-19,13 September 2012,19 September 2013
182,Railway Investigation Report R12E0004 - Transportation Safety Board of Canada,"Government of Canada, Transportation Safety Board of Canada",2017-04-19,18 January 2012,17 April 2013
183,Railway Investigation Report R12E0008 - Transportation Safety Board of Canada,"Government of Canada, Transportation Safety Board of Canada",2017-04-19,21 January 2012,14 September 2012
184,Rail transportation safety investigation R12E0182 - Transportation Safety Board of Canada,"Government of Canada, Transportation Safety Board of Canada",2020-01-23,26 December 2012,
185,Railway Investigation Report R12Q0030 - Transportation Safety Board of Canada,"Government of Canada, Transportation Safety Board of Canada",2017-04-20,9 August 2012,29 August 2013
186,Rail transportation safety investigation R12T0038 - Transportation Safety Board of Canada,"Government of Canada, Transportation Safety Board of Canada",2019-02-25,26 February 2012,
187,Rail transportation safety investigation R12T0217 - Transportation Safety Board of Canada,"Government of Canada, Transportation Safety Board of Canada",2019-02-25,1 December 2012,
188,Railway Investigation Report R12V0008 - Transportation Safety Board of Canada,"Government of Canada, Transportation Safety Board of Canada",2017-04-21,14 January 2012,09 January 2013
189,Railway Investigation Report R12W0165 - Transportation Safety Board of Canada,"Government of Canada, Transportation Safety Board of Canada",2017-04-21,29 July 2012,17 July 2013
190,Railway Investigation Report R12W0182 - Transportation Safety Board of Canada,"Government of Canada, Transportation Safety Board of Canada",2017-04-24,9 August 2012,12 March 2014
191,Rail transportation safety investigation R13C0008 - Transportation Safety Board of Canada,"Government of Canada, Transportation Safety Board of Canada",2019-02-25,19 January 2013,
192,Rail transportation safety investigation R13C0049 - Transportation Safety Board of Canada,"Government of Canada, Transportation Safety Board of Canada",2019-02-25,18 May 2013,18 May 2013
193,Rail transportation safety investigation R13C0069 - Transportation Safety Board of Canada,"Government of Canada, Transportation Safety Board of Canada",2019-02-25,27 June 2013,
194,Rail transportation safety investigation R13C0087 - Transportation Safety Board of Canada,"Government of Canada, Transportation Safety Board of Canada",2019-02-25,11 September 2013,11 September 2013
195,Rail transportation safety investigation R13D0001 - Transportation Safety Board of Canada,"Government of Canada, Transportation Safety Board of Canada",2019-02-25,9 January 2013,
196,Rail transportation safety investigation R13D0054 - Transportation Safety Board of Canada,"Government of Canada, Transportation Safety Board of Canada",2024-10-28,6 July 2013,06 July 2013
197,Railway Investigation Report R13D0077 - Transportation Safety Board of Canada,"Government of Canada, Transportation Safety Board of Canada",2017-08-21,6 November 2013,17 December 2014
198,Rail transportation safety investigation R13E0015 - Transportation Safety Board of Canada,"Government of Canada, Transportation Safety Board of Canada",2019-02-26,24 January 2013,
199,Rail transportation safety investigation R13E0069 - Transportation Safety Board of Canada,"Government of Canada, Transportation Safety Board of Canada",2019-02-26,28 April 2013,
200,Rail transportation safety investigation R13E0142 - Transportation Safety Board of Canada,"Government of Canada, Transportation Safety Board of Canada",2019-02-26,19 October 2013,
201,Rail transportation safety investigation R13Q0001 - Transportation Safety Board of Canada,"Government of Canada, Transportation Safety Board of Canada",2019-02-26,11 January 2013,
202,Rail transportation safety investigation R13Q0012 - Transportation Safety Board of Canada,"Government of Canada, Transportation Safety Board of Canada",2019-02-26,2 May 2013,
203,Rail transportation safety investigation R13T0060 - Transportation Safety Board of Canada,"Government of Canada, Transportation Safety Board of Canada",2019-02-26,3 April 2013,03 April 2013
204,Rail transportation safety investigation R13T0122 - Transportation Safety Board of Canada,"Government of Canada, Transportation Safety Board of Canada",2019-02-26,2 June 2013,
205,Rail transportation safety investigation R13T0192 - Transportation Safety Board of Canada,"Government of Canada, Transportation Safety Board of Canada",2019-02-26,18 September 2013,
206,Railway Investigation Report R13W0083 - Transportation Safety Board of Canada,"Government of Canada, Transportation Safety Board of Canada",2018-03-28,26 March 2013,21 May 2014
207,Rail transportation safety investigation R13W0124 - Transportation Safety Board of Canada,"Government of Canada, Transportation Safety Board of Canada",2019-02-26,28 April 2013,
208,Rail transportation safety investigation R13W0257 - Transportation Safety Board of Canada,"Government of Canada, Transportation Safety Board of Canada",2019-02-26,10 November 2013,10 November 2013
209,Rail transportation safety investigation R13W0260 - Transportation Safety Board of Canada,"Government of Canada, Transportation Safety Board of Canada",2019-02-26,18 November 2013,
210,Rail transportation safety investigation R14C0114 - Transportation Safety Board of Canada,"Government of Canada, Transportation Safety Board of Canada",2019-02-27,6 November 2014,
211,Rail transportation safety investigation R14C0142 - Transportation Safety Board of Canada,"Government of Canada, Transportation Safety Board of Canada",2019-02-27,26 December 2014,26 December 2014
212,Rail transportation safety investigation R14D0011 - Transportation Safety Board of Canada,"Government of Canada, Transportation Safety Board of Canada",2019-02-27,23 February 2014,
213,Rail transportation safety investigation R14E0081 - Transportation Safety Board of Canada,"Government of Canada, Transportation Safety Board of Canada",2019-02-27,11 June 2014,
214,Rail transportation safety investigation R14M0002 - Transportation Safety Board of Canada,"Government of Canada, Transportation Safety Board of Canada",2019-02-27,7 January 2014,07 January 2014
215,Rail transportation safety investigation R14Q0045 - Transportation Safety Board of Canada,"Government of Canada, Transportation Safety Board of Canada",2019-02-27,20 November 2014,06 November 2014
216,Rail transportation safety investigation R14Q0047 - Transportation Safety Board of Canada,"Government of Canada, Transportation Safety Board of Canada",2019-02-27,5 December 2014,05 December 2014
217,Rail transportation safety investigation R14T0160 - Transportation Safety Board of Canada,"Government of Canada, Transportation Safety Board of Canada",2019-02-27,10 July 2014,10 July 2014
218,Rail transportation safety investigation R14T0180 - Transportation Safety Board of Canada,"Government of Canada, Transportation Safety Board of Canada",2019-02-27,1 August 2014,01 August 2014
219,Rail transportation safety investigation R14T0294 - Transportation Safety Board of Canada,"Government of Canada, Transportation Safety Board of Canada",2019-02-27,28 October 2014,28 October 2014
220,Rail transportation safety investigation R14V0215 - Transportation Safety Board of Canada,"Government of Canada, Transportation Safety Board of Canada",2019-02-27,15 November 2014,15 November 2014
221,Rail transportation safety investigation R14W0041 - Transportation Safety Board of Canada,"Government of Canada, Transportation Safety Board of Canada",2019-02-27,15 February 2014,15 February 2014
222,Rail transportation safety investigation R14W0137 - Transportation Safety Board of Canada,"Government of Canada, Transportation Safety Board of Canada",2019-02-27,23 June 2014,23 May 2014
223,Rail transportation safety investigation R14W0256 - Transportation Safety Board of Canada,"Government of Canada, Transportation Safety Board of Canada",2019-02-28,7 October 2014,07 October 2014
224,Rail transportation safety investigation R15D0073 - Transportation Safety Board of Canada,"Government of Canada, Transportation Safety Board of Canada",2019-04-25,10 August 2015,10 August 2015
225,Rail transportation safety investigation R15D0103 - Transportation Safety Board of Canada,"Government of Canada, Transportation Safety Board of Canada",2019-02-28,29 October 2015,29 October 2015
226,Rail transportation safety investigation R15D0118 - Transportation Safety Board of Canada,"Government of Canada, Transportation Safety Board of Canada",2019-02-28,11 December 2015,11 December 2015
227,Rail transportation safety investigation R15E0173 - Transportation Safety Board of Canada,"Government of Canada, Transportation Safety Board of Canada",2019-02-28,8 December 2015,08 December 2015
228,Rail transportation safety investigation R15H0005 - Transportation Safety Board of Canada,"Government of Canada, Transportation Safety Board of Canada",2024-07-19,13 January 2015,13 January 2015
229,Rail transportation safety investigation R15H0013 - Transportation Safety Board of Canada,"Government of Canada, Transportation Safety Board of Canada",2019-02-28,14 February 2015,14 February 2015
230,Rail transportation safety investigation R15H0021 - Transportation Safety Board of Canada,"Government of Canada, Transportation Safety Board of Canada",2019-02-28,7 March 2015,07 March 2015
231,Rail transportation safety investigation R15H0092 - Transportation Safety Board of Canada,"Government of Canada, Transportation Safety Board of Canada",2019-03-01,1 November 2015,01 November 2015
232,Rail transportation safety investigation R15M0034 - Transportation Safety Board of Canada,"Government of Canada, Transportation Safety Board of Canada",2019-03-01,17 April 2015,17 April 2015
233,Rail transportation safety investigation R15T0173 - Transportation Safety Board of Canada,"Government of Canada, Transportation Safety Board of Canada",2019-02-01,29 July 2015,29 July 2015
234,Rail transportation safety investigation R15T0245 - Transportation Safety Board of Canada,"Government of Canada, Transportation Safety Board of Canada",2019-03-01,25 October 2015,25 October 2015
235,Rail transportation safety investigation R15V0003 - Transportation Safety Board of Canada,"Government of Canada, Transportation Safety Board of Canada",2018-03-01,13 January 2015,13 January 2015
236,Rail transportation safety investigation R15V0046 - Transportation Safety Board of Canada,"Government of Canada, Transportation Safety Board of Canada",2019-03-01,11 March 2015,11 March 2015
237,Rail transportation safety investigation R15V0183 - Transportation Safety Board of Canada,"Government of Canada, Transportation Safety Board of Canada",2019-03-01,6 September 2015,06 September 2015
238,Rail transportation safety investigation R15V0191 - Transportation Safety Board of Canada,"Government of Canada, Transportation Safety Board of Canada",2019-03-01,11 September 2015,11 September 2015
239,Rail transportation safety investigation R16C0012 - Transportation Safety Board of Canada,"Government of Canada, Transportation Safety Board of Canada",2019-03-01,18 February 2016,18 February 2016
240,Rail transportation safety investigation R16C0065 - Transportation Safety Board of Canada,"Government of Canada, Transportation Safety Board of Canada",2019-03-01,3 September 2016,03 September 2016
241,Rail transportation safety investigation R16D0073 - Transportation Safety Board of Canada,"Government of Canada, Transportation Safety Board of Canada",2019-03-01,11 August 2016,
242,Rail transportation safety investigation R16D0076 - Transportation Safety Board of Canada,"Government of Canada, Transportation Safety Board of Canada",2019-03-01,18 August 2016,18 August 2016
243,Rail transportation safety investigation R16D0092 - Transportation Safety Board of Canada,"Government of Canada, Transportation Safety Board of Canada",2019-03-01,20 September 2016,
244,Rail transportation safety investigation R16E0051 - Transportation Safety Board of Canada,"Government of Canada, Transportation Safety Board of Canada",2019-03-01,4 June 2016,04 June 2016
245,Rail transportation safety investigation R16E0102 - Transportation Safety Board of Canada,"Government of Canada, Transportation Safety Board of Canada",2019-03-01,29 October 2016,29 October 2016
246,Rail transportation safety investigation R16H0002 - Transportation Safety Board of Canada,"Government of Canada, Transportation Safety Board of Canada",2024-11-29,,
247,Rail transportation safety investigation R16H0024 - Transportation Safety Board of Canada,"Government of Canada, Transportation Safety Board of Canada",2019-03-01,6 March 2016,06 March 2016
248,Rail transportation safety investigation R16M0026 - Transportation Safety Board of Canada,"Government of Canada, Transportation Safety Board of Canada",2025-02-04,27 July 2016,27 July 2016
249,Rail transportation safety investigation R16T0111 - Transportation Safety Board of Canada,"Government of Canada, Transportation Safety Board of Canada",2019-03-04,17 June 2016,17 June 2016
250,Rail transportation safety investigation R16T0162 - Transportation Safety Board of Canada,"Government of Canada, Transportation Safety Board of Canada",2019-03-04,21 August 2016,
251,Rail transportation safety investigation R16V0195 - Transportation Safety Board of Canada,"Government of Canada, Transportation Safety Board of Canada",2019-03-04,5 December 2016,18 December 2016
252,Rail transportation safety investigation R16W0004 - Transportation Safety Board of Canada,"Government of Canada, Transportation Safety Board of Canada",2019-03-04,9 January 2016,09 January 2016
253,Rail transportation safety investigation R16W0059 - Transportation Safety Board of Canada,"Government of Canada, Transportation Safety Board of Canada",2019-03-04,1 March 2016,01 March 2016
254,Rail transportation safety investigation R16W0074 - Transportation Safety Board of Canada,"Government of Canada, Transportation Safety Board of Canada",2019-03-04,27 March 2016,27 March 2016
255,Rail transportation safety investigation R16W0242 - Transportation Safety Board of Canada,"Government of Canada, Transportation Safety Board of Canada",2019-03-04,29 November 2016,29 November 2016
256,Rail transportation safety investigation R17C0074 - Transportation Safety Board of Canada,"Government of Canada, Transportation Safety Board of Canada",2019-03-04,3 October 2017,
257,Rail transportation safety investigation R17D0123 - Transportation Safety Board of Canada,"Government of Canada, Transportation Safety Board of Canada",2019-05-06,8 November 2017,8 November 2017
258,Rail transportation safety investigation R17H0015 - Transportation Safety Board of Canada,"Government of Canada, Transportation Safety Board of Canada",2019-03-04,13 February 2017,13 February 2017
259,Rail transportation safety investigation R17Q0061 - Transportation Safety Board of Canada,"Government of Canada, Transportation Safety Board of Canada",2019-03-05,25 July 2017,25 July 2017
260,Rail transportation safety investigation R17Q0088 - Transportation Safety Board of Canada,"Government of Canada, Transportation Safety Board of Canada",2019-03-05,25 October 2017,25 October 2017
261,Rail transportation safety investigation R17T0164 - Transportation Safety Board of Canada,"Government of Canada, Transportation Safety Board of Canada",2019-03-05,19 July 2017,
262,Rail transportation safety investigation R17T0170 - Transportation Safety Board of Canada,"Government of Canada, Transportation Safety Board of Canada",2019-03-05,31 July 2017,31 July 2017
263,Rail transportation safety investigation R17V0096 - Transportation Safety Board of Canada,"Government of Canada, Transportation Safety Board of Canada",2019-04-24,31 October 2017,20 April 2017
264,Rail transportation safety investigation R17V0220 - Transportation Safety Board of Canada,"Government of Canada, Transportation Safety Board of Canada",2019-04-26,21 April 2017,31 October 2017
265,Rail transportation safety investigation R17W0175 - Transportation Safety Board of Canada,"Government of Canada, Transportation Safety Board of Canada",2019-03-05,11 August 2017,11 August 2017
266,Rail transportation safety investigation R17W0190 - Transportation Safety Board of Canada,"Government of Canada, Transportation Safety Board of Canada",2019-08-22,2 September 2017,02 September 2017
267,Rail transportation safety investigation R17W0199 - Transportation Safety Board of Canada,"Government of Canada, Transportation Safety Board of Canada",2019-03-05,15 September 2017,15 September 2017
268,Rail transportation safety investigation R17W0267 - Transportation Safety Board of Canada,"Government of Canada, Transportation Safety Board of Canada",2020-06-10,22 December 2017,22 December 2017
269,Rail transportation safety investigation R18C0076 - Transportation Safety Board of Canada,"Government of Canada, Transportation Safety Board of Canada",2019-03-05,30 July 2018,30 July 2018
270,Rail transportation safety investigation R18D0020 - Transportation Safety Board of Canada,"Government of Canada, Transportation Safety Board of Canada",2019-03-05,13 February 2018,13 February 2018
271,Rail transportation safety investigation R18D0067 - Transportation Safety Board of Canada,"Government of Canada, Transportation Safety Board of Canada",2019-11-08,9 July 2018,9 July 2018
272,Rail transportation safety investigation R18D0069 - Transportation Safety Board of Canada,"Government of Canada, Transportation Safety Board of Canada",2019-08-22,16 July 2018,16 July 2018
273,Rail transportation safety investigation R18D0096 - Transportation Safety Board of Canada,"Government of Canada, Transportation Safety Board of Canada",2020-09-16,31 October 2018,31 October 2018
274,Rail transportation safety investigation R18E0007 - Transportation Safety Board of Canada,"Government of Canada, Transportation Safety Board of Canada",2020-08-19,10 January 2018,10 January 2018
275,Rail transportation safety investigation R18E0138 - Transportation Safety Board of Canada,"Government of Canada, Transportation Safety Board of Canada",2019-03-06,26 September 2018,26 September 2018
276,Rail transportation safety investigation R18H0039 - Transportation Safety Board of Canada,"Government of Canada, Transportation Safety Board of Canada",2020-07-22,14 April 2018,14 April 2018
277,Rail transportation safety investigation R18H0105 - Transportation Safety Board of Canada,"Government of Canada, Transportation Safety Board of Canada",2019-08-25,2 October 2018,2 October 2018
278,Rail transportation safety investigation R18M0037 - Transportation Safety Board of Canada,"Government of Canada, Transportation Safety Board of Canada",2021-01-26,4 December 2018,4 December 2018
279,Rail transportation safety investigation R18Q0046 - Transportation Safety Board of Canada,"Government of Canada, Transportation Safety Board of Canada",2019-03-06,1 May 2018,01 May 2018
280,Rail transportation safety investigation R18T0006 - Transportation Safety Board of Canada,"Government of Canada, Transportation Safety Board of Canada",2019-03-06,9 January 2018,9 January 2018
281,Rail transportation safety investigation R18T0032 - Transportation Safety Board of Canada,"Government of Canada, Transportation Safety Board of Canada",2019-03-06,8 February 2018,08 February 2018
282,Rail transportation safety investigation R18T0058 - Transportation Safety Board of Canada,"Government of Canada, Transportation Safety Board of Canada",2019-09-24,18 March 2018,18 March 2018
283,Rail transportation safety investigation R18V0016 - Transportation Safety Board of Canada,"Government of Canada, Transportation Safety Board of Canada",2019-03-06,19 January 2018,19 January 2018
284,Rail transportation safety investigation R18V0127 - Transportation Safety Board of Canada,"Government of Canada, Transportation Safety Board of Canada",2019-07-23,26 May 2018,26 May 2018
285,Rail transportation safety investigation R18W0007 - Transportation Safety Board of Canada,"Government of Canada, Transportation Safety Board of Canada",2019-08-22,6 January 2018,
286,Rail transportation safety investigation R18W0133 - Transportation Safety Board of Canada,"Government of Canada, Transportation Safety Board of Canada",2019-05-22,27 May 2018,
287,Rail transportation safety investigation R18W0168 - Transportation Safety Board of Canada,"Government of Canada, Transportation Safety Board of Canada",2019-03-06,5 July 2018,05 July 2018
288,Rail transportation safety investigation R18W0237 - Transportation Safety Board of Canada,"Government of Canada, Transportation Safety Board of Canada",2020-04-23,15 September 2018,15 September 2018 
289,Rail transportation safety investigation R19C0002 - Transportation Safety Board of Canada,"Government of Canada, Transportation Safety Board of Canada",2021-07-09,6 January 2019,06 January 2019
290,Rail transportation safety investigation R19C0015 - Transportation Safety Board of Canada,"Government of Canada, Transportation Safety Board of Canada",2024-09-23,4 February 2019,
291,Rail transportation safety investigation R19C0038 - Transportation Safety Board of Canada,"Government of Canada, Transportation Safety Board of Canada",2021-03-16,9 March 2019,
292,Rail transportation safety investigation R19C0088 - Transportation Safety Board of Canada,"Government of Canada, Transportation Safety Board of Canada",2020-08-21,2 August 2019,2 August 2019
293,Rail transportation safety investigation R19C0094 - Transportation Safety Board of Canada,"Government of Canada, Transportation Safety Board of Canada",2020-12-08,2 September 2019,02 September 2019
294,Rail transportation safety investigation R19C0111 - Transportation Safety Board of Canada,"Government of Canada, Transportation Safety Board of Canada",2020-04-02,11 October 2019,
295,Rail transportation safety investigation R19D0065 - Transportation Safety Board of Canada,"Government of Canada, Transportation Safety Board of Canada",2019-11-08,24 April 2019,24 April 2019
296,Rail transportation safety investigation R19D0117 - Transportation Safety Board of Canada,"Government of Canada, Transportation Safety Board of Canada",2020-06-29,16 November 2019,16 November 2019
297,Rail transportation safety investigation R19E0147 - Transportation Safety Board of Canada,"Government of Canada, Transportation Safety Board of Canada",2021-08-16,27 September 2019,27 September 2019
298,Rail transportation safety investigation R19E0150 - Transportation Safety Board of Canada,"Government of Canada, Transportation Safety Board of Canada",2021-03-31,29 September 2019,29 September 2019
299,Rail transportation safety investigation R19H0021 - Transportation Safety Board of Canada,"Government of Canada, Transportation Safety Board of Canada",2020-04-08,2 February 2019,
300,Rail transportation safety investigation R19H0123 - Transportation Safety Board of Canada,"Government of Canada, Transportation Safety Board of Canada",2020-07-10,25 September 2019,
301,Rail transportation safety investigation R19M0018 - Transportation Safety Board of Canada,"Government of Canada, Transportation Safety Board of Canada",2020-09-30,4 April 2019,4 April 2019
302,Rail transportation safety investigation R19M0028 - Transportation Safety Board of Canada,"Government of Canada, Transportation Safety Board of Canada",2020-02-07,29 July 2019,29 July 2019
303,Rail transportation safety investigation R19Q0092 - Transportation Safety Board of Canada,"Government of Canada, Transportation Safety Board of Canada",2020-02-11,28 May 2019,28 May 2019
304,Rail transportation safety investigation R19T0107 - Transportation Safety Board of Canada,"Government of Canada, Transportation Safety Board of Canada",2023-12-18,28 June 2019,
305,Rail transportation safety investigation R19T0147 - Transportation Safety Board of Canada,"Government of Canada, Transportation Safety Board of Canada",2025-01-24,15 August 2019,
306,Rail transportation safety investigation R19T0191 - Transportation Safety Board of Canada,"Government of Canada, Transportation Safety Board of Canada",2023-02-09,13 November 2019,
307,Rail transportation safety investigation R19V0002 - Transportation Safety Board of Canada,"Government of Canada, Transportation Safety Board of Canada",2023-07-19,3 January 2019,03 January 2019
308,Rail transportation safety investigation R19W0002 - Transportation Safety Board of Canada,"Government of Canada, Transportation Safety Board of Canada",2022-08-24,3 January 2019,
309,Rail transportation safety investigation R19W0017 - Transportation Safety Board of Canada,"Government of Canada, Transportation Safety Board of Canada",2020-06-04,22 January 2019,22 January 2019
310,Rail transportation safety investigation R19W0050 - Transportation Safety Board of Canada,"Government of Canada, Transportation Safety Board of Canada",2020-12-08,16 February 2019,16 February 2019
311,Rail transportation safety investigation R19W0236 - Transportation Safety Board of Canada,"Government of Canada, Transportation Safety Board of Canada",2020-01-07,8 August 2019,8 August 2019
312,Rail transportation safety investigation R19W0320 - Transportation Safety Board of Canada,"Government of Canada, Transportation Safety Board of Canada",2023-10-05,9 December 2019,
313,Rail transportation safety investigation R19W0329 - Transportation Safety Board of Canada,"Government of Canada, Transportation Safety Board of Canada",2020-08-13,31 December 2019,
314,Rail transportation safety investigation R20D0013 - Transportation Safety Board of Canada,"Government of Canada, Transportation Safety Board of Canada",2021-03-01,18 February 2020,
315,Rail transportation safety investigation R20D0088 - Transportation Safety Board of Canada,"Government of Canada, Transportation Safety Board of Canada",2021-10-26,6 December 2020,6 December 2020
316,Rail transportation safety investigation R20H0079 - Transportation Safety Board of Canada,"Government of Canada, Transportation Safety Board of Canada",2025-08-21,2 July 2020,
317,Rail transportation safety issue investigation R20H0082 - Transportation Safety Board of Canada,"Government of Canada, Transportation Safety Board of Canada",2024-09-18,2021-06-23,
318,Rail transportation safety investigation R20H0130 - Transportation Safety Board of Canada,"Government of Canada, Transportation Safety Board of Canada",2022-12-13,28 November 2020,28 November 2020
319,Rail transportation safety investigation R20V0005 - Transportation Safety Board of Canada,"Government of Canada, Transportation Safety Board of Canada",2020-11-04,7 January 2020,
320,Rail transportation safety investigation R20V0185 - Transportation Safety Board of Canada,"Government of Canada, Transportation Safety Board of Canada",2024-02-27,14 September 2020,14 September 2020
321,Rail transportation safety investigation R20V0230 - Transportation Safety Board of Canada,"Government of Canada, Transportation Safety Board of Canada",2021-11-23,13 November 2020,13 November 2020
322,Rail transportation safety investigation R20W0025 - Transportation Safety Board of Canada,"Government of Canada, Transportation Safety Board of Canada",2024-06-07,6 February 2020,
323,Rail transportation safety investigation R20W0031 - Transportation Safety Board of Canada,"Government of Canada, Transportation Safety Board of Canada",2020-07-28,18 February 2020,18 February 2020
324,Rail transportation safety investigation R20W0102 - Transportation Safety Board of Canada,"Government of Canada, Transportation Safety Board of Canada",2023-03-21,25 May 2020,25 May 2020
325,Rail transportation safety investigation R21C0070 - Transportation Safety Board of Canada,"Government of Canada, Transportation Safety Board of Canada",2022-12-15,17 July 2021,17 July 2021
326,Rail transportation safety investigation R21D0001 - Transportation Safety Board of Canada,"Government of Canada, Transportation Safety Board of Canada",2021-12-13,6 January 2021,06 January 2021
327,Rail transportation safety investigation R21H0087 - Transportation Safety Board of Canada,"Government of Canada, Transportation Safety Board of Canada",2022-04-06,30 June 2021,30 June 2021
328,Rail transportation safety investigation R21H0099 - Transportation Safety Board of Canada,"Government of Canada, Transportation Safety Board of Canada",2021-09-27,8 August 2021,8 August 2021
329,Rail transportation safety investigation R21H0114 - Transportation Safety Board of Canada,"Government of Canada, Transportation Safety Board of Canada",2024-07-26,2 September 2021,
330,Rail transportation safety investigation R21H0121 - Transportation Safety Board of Canada,"Government of Canada, Transportation Safety Board of Canada",2021-10-06,19 September 2021,
331,Rail transportation safety investigation R21M0002 - Transportation Safety Board of Canada,"Government of Canada, Transportation Safety Board of Canada",2022-02-01,26 January 2021,26 January 2021
332,Rail transportation safety investigation R21M0027 - Transportation Safety Board of Canada,"Government of Canada, Transportation Safety Board of Canada",2023-01-05,21 August 2021,21 August 2021
333,Rail transportation safety investigation R21S0048 - Transportation Safety Board of Canada,"Government of Canada, Transportation Safety Board of Canada",2024-03-26,16 October 2021,
334,Rail transportation safety investigation R21T0007 - Transportation Safety Board of Canada,"Government of Canada, Transportation Safety Board of Canada",2021-07-15,1 February 2021,1 February 2021
335,Rail transportation safety investigation R21V0118 - Transportation Safety Board of Canada,"Government of Canada, Transportation Safety Board of Canada",2022-03-21,3 June 2021,3 June 2021
336,Rail transportation safety investigation R21V0143 - Transportation Safety Board of Canada,"Government of Canada, Transportation Safety Board of Canada",2024-09-11,30 June 2021,
337,Rail transportation safety investigation R21V0144 - Transportation Safety Board of Canada,"Government of Canada, Transportation Safety Board of Canada",2023-08-24,8 July 2021,08 July 2021
338,Rail transportation safety investigation R22C0065 - Transportation Safety Board of Canada,"Government of Canada, Transportation Safety Board of Canada",2025-01-22,13 July 2022,2025-01-22
339,Rail transportation safety investigation R22D0106 - Transportation Safety Board of Canada,"Government of Canada, Transportation Safety Board of Canada",2024-02-08,11 December 2022,
340,Rail transportation safety investigation R22S0165 - Transportation Safety Board of Canada,"Government of Canada, Transportation Safety Board of Canada",2023-01-04,1 December 2022,
341,Rail transportation safety investigation R22T0045 - Transportation Safety Board of Canada,"Government of Canada, Transportation Safety Board of Canada",2024-05-16,13 March 2022,
342,Rail transportation safety investigation R22V0238 - Transportation Safety Board of Canada,"Government of Canada, Transportation Safety Board of Canada",2024-10-17,29 December 2022,2024-10-17
343,Rail transportation safety investigation R23D0011 - Transportation Safety Board of Canada,"Government of Canada, Transportation Safety Board of Canada",2024-05-14,27 January 2023,27 January 2023
344,Rail transportation safety investigation R23D0108 - Transportation Safety Board of Canada,"Government of Canada, Transportation Safety Board of Canada",2025-09-16,21 November 2023,2025-09-16
345,Rail transportation safety investigation R23E0029 - Transportation Safety Board of Canada,"Government of Canada, Transportation Safety Board of Canada",2025-06-16,5 April 2023,
346,Rail transportation safety investigation R23E0079 - Transportation Safety Board of Canada,"Government of Canada, Transportation Safety Board of Canada",2025-09-11,8 August 2023,
347,Rail transportation safety investigation R23H0006 - Transportation Safety Board of Canada,"Government of Canada, Transportation Safety Board of Canada",2024-10-16,13 April 2023,2024-10-16
348,Rail transportation safety investigation R23M0050 - Transportation Safety Board of Canada,"Government of Canada, Transportation Safety Board of Canada",2024-12-17,30 October 2023,2024-12-17
349,Rail transportation safety investigation R23Q0022 - Transportation Safety Board of Canada,"Government of Canada, Transportation Safety Board of Canada",2024-05-09,22 February 2023,
350,Rail transportation safety investigation R23V0205 - Transportation Safety Board of Canada,"Government of Canada, Transportation Safety Board of Canada",2026-04-30,19 November 2023,2026-04-30
351,Rail transportation safety investigation R24C0012 - Transportation Safety Board of Canada,"Government of Canada, Transportation Safety Board of Canada",2026-02-24,5 February 2024,2026-02-24
352,Rail transportation safety investigation R24C0014 - Transportation Safety Board of Canada,"Government of Canada, Transportation Safety Board of Canada",2026-03-11,11 February 2024,2026-03-11
353,Rail transportation safety investigation R24C0020 - Transportation Safety Board of Canada,"Government of Canada, Transportation Safety Board of Canada",2025-03-31,16 February 2024,
354,Rail transportation safety investigation R24C0147 - Transportation Safety Board of Canada,"Government of Canada, Transportation Safety Board of Canada",2024-11-22,1 November 2024,2024-11-01
355,Rail transportation safety investigation R24D0070 - Transportation Safety Board of Canada,"Government of Canada, Transportation Safety Board of Canada",2026-01-27,29 September 2024,2026-01-27
356,Rail transportation safety investigation R24D0080 - Transportation Safety Board of Canada,"Government of Canada, Transportation Safety Board of Canada",2025-08-21,14 November 2024,
357,Rail transportation safety investigation R24Q0089 - Transportation Safety Board of Canada,"Government of Canada, Transportation Safety Board of Canada",2026-03-31,3 November 2024,2026-03-31
358,Rail transportation safety investigation R24T0064 - Transportation Safety Board of Canada,"Government of Canada, Transportation Safety Board of Canada",2026-06-03,14 March 2024,2026-06-03
359,Rail transportation safety investigation R24W0021 - Transportation Safety Board of Canada,"Government of Canada, Transportation Safety Board of Canada",2025-07-29,6 March 2024,2025-07-29
360,Rail transportation safety investigation R25C0088 - Transportation Safety Board of Canada,"Government of Canada, Transportation Safety Board of Canada",2025-10-31,2 September 2025,2025-09-03
361,Rail transportation safety investigation R25C0114 - Transportation Safety Board of Canada,"Government of Canada, Transportation Safety Board of Canada",2026-04-10,1 November 2025,
362,Rail transportation safety investigation R25C0131 - Transportation Safety Board of Canada,"Government of Canada, Transportation Safety Board of Canada",2026-04-22,27 November 2025,2025-11-28
363,Rail transportation safety investigation R25E0051 - Transportation Safety Board of Canada,"Government of Canada, Transportation Safety Board of Canada",2025-07-28,18 May 2025,2025-05-18
364,Rail transportation safety investigation R25Q0097 - Transportation Safety Board of Canada,"Government of Canada, Transportation Safety Board of Canada",2026-07-22,28 December 2025,2026-07-22
365,Rail transportation safety investigation R25T0038 - Transportation Safety Board of Canada,"Government of Canada, Transportation Safety Board of Canada",2025-09-18,16 February 2025,2025-09-18
366,Rail transportation safety investigation R25T0177 - Transportation Safety Board of Canada,"Government of Canada, Transportation Safety Board of Canada",2026-03-09,14 July 2025,2026-03-04
367,Rail transportation safety investigation R25T0189 - Transportation Safety Board of Canada,"Government of Canada, Transportation Safety Board of Canada",2026-07-16,25 July 2025,2026-06-22
368,Rail transportation safety investigation R25T0241 - Transportation Safety Board of Canada,"Government of Canada, Transportation Safety Board of Canada",2025-12-05,16 September 2025,
369,Rail transportation safety investigation R25V0149 - Transportation Safety Board of Canada,"Government of Canada, Transportation Safety Board of Canada",2026-04-22,29 November 2025,2025-11-29
370,Rail transportation safety investigation R25W0010 - Transportation Safety Board of Canada,"Government of Canada, Transportation Safety Board of Canada",2025-04-25,2 February 2025,2025-02-04
371,Rail transportation safety investigation R25W0047 - Transportation Safety Board of Canada,"Government of Canada, Transportation Safety Board of Canada",2026-02-03,28 June 2025,2026-02-03
372,Rail transportation safety investigation R26C0011 - Transportation Safety Board of Canada,"Government of Canada, Transportation Safety Board of Canada",2026-03-11,5 February 2026,2026-02-05
373,​​Rail​ transportation safety investigation R26D0039 - Transportation Safety Board of Canada,"Government of Canada, Transportation Safety Board of Canada",2026-07-16,5 July 2026,2026-07-06
374,Rail transportation safety investigation R26Q0001 - Transportation Safety Board of Canada,"Government of Canada, Transportation Safety Board of Canada",2026-07-16,12 January 2026,2026-07-16
375,Rail transportation safety investigation R26T0099 - Transportation Safety Board of Canada,"Government of Canada, Transportation Safety Board of Canada",2026-06-11,30 March 2026,2026-03-30
376,Rail transportation safety investigation R26V0009 - Transportation Safety Board of Canada,"Government of Canada, Transportation Safety Board of Canada",2026-02-13,27 January 2026,2026-01-28
377,Railway Investigation Report R91H0006 - Transportation Safety Board of Canada,"Government of Canada, Transportation Safety Board of Canada",2025-06-11,31 January 1991,05 January 1995
378,Railway Investigation Report R92T0183 - Transportation Safety Board of Canada,"Government of Canada, Transportation Safety Board of Canada",2016-02-03,19 July 1992,
379,Railway Investigation Report R93C0103 - Transportation Safety Board of Canada,"Government of Canada, Transportation Safety Board of Canada",2016-02-03,3 December 1993,19 June 1995
380,Railway Investigation Report R93T0201 - Transportation Safety Board of Canada,"Government of Canada, Transportation Safety Board of Canada",2016-02-03,13 August 1993,17 May 1995
381,Railway Investigation Report R94C0010 - Transportation Safety Board of Canada,"Government of Canada, Transportation Safety Board of Canada",2016-02-03,24 January 1994,21 September 1995
382,Railway Investigation Report R94C0035 - Transportation Safety Board of Canada,"Government of Canada, Transportation Safety Board of Canada",2016-02-03,30 March 1994,21 September 1995
383,Railway Investigation Report R94C0137 - Transportation Safety Board of Canada,"Government of Canada, Transportation Safety Board of Canada",2016-02-03,17 October 1994,09 October 1996
384,Railway Investigation Report R94D0033 - Transportation Safety Board of Canada,"Government of Canada, Transportation Safety Board of Canada",2016-02-03,27 January 1994,05 May 1997
385,Railway Investigation Report R94D0191 - Transportation Safety Board of Canada,"Government of Canada, Transportation Safety Board of Canada",2016-02-03,4 November 1994,16 December 1997
386,Railway Investigation Report R94E0062 - Transportation Safety Board of Canada,"Government of Canada, Transportation Safety Board of Canada",2016-02-03,25 June 1994,
387,Railway Investigation Report R94M0100 - Transportation Safety Board of Canada,"Government of Canada, Transportation Safety Board of Canada",2016-02-03,14 December 1994,13 December 1996
388,Railway Investigation Report R94Q0029 - Transportation Safety Board of Canada,"Government of Canada, Transportation Safety Board of Canada",2016-02-03,7 June 1994,08 December 1995
389,Railway Investigation Report R94Q0048 - Transportation Safety Board of Canada,"Government of Canada, Transportation Safety Board of Canada",2016-02-03,23 September 1994,19 May 1995
390,Railway Investigation Report R94Q0054 - Transportation Safety Board of Canada,"Government of Canada, Transportation Safety Board of Canada",2016-02-03,19 October 1994,16 August 1995
391,Railway Investigation Report R94Q0065 - Transportation Safety Board of Canada,"Government of Canada, Transportation Safety Board of Canada",2016-02-03,20 November 1994,16 August 1995
392,Railway Investigation Report R94Q0074 - Transportation Safety Board of Canada,"Government of Canada, Transportation Safety Board of Canada",2016-02-03,18 December 1994,24 April 1996
393,Railway Investigation Report R94T0029 - Transportation Safety Board of Canada,"Government of Canada, Transportation Safety Board of Canada",2016-02-03,30 January 1994,19 May 1995
394,Railway Investigation Report R94T0060 - Transportation Safety Board of Canada,"Government of Canada, Transportation Safety Board of Canada",2025-06-05,22 February 1994,28 February 1995
395,Railway Investigation Report R94T0063 - Transportation Safety Board of Canada,"Government of Canada, Transportation Safety Board of Canada",2016-02-03,26 February 1994,12 April 1995
396,Railway Investigation Report R94T0072 - Transportation Safety Board of Canada,"Government of Canada, Transportation Safety Board of Canada",2016-02-03,6 March 1994,28 February 1995
397,Railway Investigation Report R94T0334 - Transportation Safety Board of Canada,"Government of Canada, Transportation Safety Board of Canada",2016-02-03,28 October 1994,25 June 1996
398,Railway Investigation Report R94T0357 - Transportation Safety Board of Canada,"Government of Canada, Transportation Safety Board of Canada",2025-09-17,20 November 1994,26 June 1996
399,Railway Investigation Report R94V0006 - Transportation Safety Board of Canada,"Government of Canada, Transportation Safety Board of Canada",2016-02-11,18 January 1994,28 February 1995
400,Railway Investigation Report R94V0206 - Transportation Safety Board of Canada,"Government of Canada, Transportation Safety Board of Canada",2016-03-17,22 September 1994,30 April 1996
401,Railway Investigation Report R94W0019 - Transportation Safety Board of Canada,"Government of Canada, Transportation Safety Board of Canada",2016-03-17,23 January 1994,05 July 1995
402,Railway Investigation Report R94W0101 - Transportation Safety Board of Canada,"Government of Canada, Transportation Safety Board of Canada",2016-03-17,25 April 1994,20 April 1995
403,Railway Investigation Report R94W0243 - Transportation Safety Board of Canada,"Government of Canada, Transportation Safety Board of Canada",2025-06-11,18 October 1994,23 January 1995
404,Railway Investigation Report R95D0016 - Transportation Safety Board of Canada,"Government of Canada, Transportation Safety Board of Canada",2018-02-23,21 January 1995,16 December 1997
405,Railway Investigation Report R95D0055 - Transportation Safety Board of Canada,"Government of Canada, Transportation Safety Board of Canada",2018-02-23,20 April 1995,24 October 1996
406,Railway Investigation Report R95D0081 - Transportation Safety Board of Canada,"Government of Canada, Transportation Safety Board of Canada",2018-02-23,6 June 1995,12 December 1996
407,Railway Investigation Report R95D0093 - Transportation Safety Board of Canada,"Government of Canada, Transportation Safety Board of Canada",2018-02-23,21 June 1995,24 April 1996
408,Railway Investigation Report R95D0097 - Transportation Safety Board of Canada,"Government of Canada, Transportation Safety Board of Canada",2018-02-23,23 June 1995,17 September 1997
409,Railway Investigation Report R95D0114 - Transportation Safety Board of Canada,"Government of Canada, Transportation Safety Board of Canada",2018-02-26,15 July 1995,14 August 1996
410,Railway Investigation Report R95M0027 - Transportation Safety Board of Canada,"Government of Canada, Transportation Safety Board of Canada",2018-02-26,6 April 1995,14 August 1996
411,Railway Investigation Report R95M0072 - Transportation Safety Board of Canada,"Government of Canada, Transportation Safety Board of Canada",2018-02-26,14 December 1995,23 April 1997
412,Railway Investigation Report R95Q0014 - Transportation Safety Board of Canada,"Government of Canada, Transportation Safety Board of Canada",2018-02-26,23 February 1995,27 October 1995
413,Railway Investigation Report R95Q0019 - Transportation Safety Board of Canada,"Government of Canada, Transportation Safety Board of Canada",2018-02-26,12 March 1995,07 March 1996
414,Railway Investigation Report R95Q0045 - Transportation Safety Board of Canada,"Government of Canada, Transportation Safety Board of Canada",2018-02-26,24 June 1995,28 June 1996
415,Railway Investigation Report R95S0021 - Transportation Safety Board of Canada,"Government of Canada, Transportation Safety Board of Canada",2018-02-26,16 February 1995,25 February 1998
416,Railway Investigation Report R95S0036 - Transportation Safety Board of Canada,"Government of Canada, Transportation Safety Board of Canada",2015-10-22,1 April 1995,17 January 1996
417,Railway Investigation Report R95T0023 - Transportation Safety Board of Canada,"Government of Canada, Transportation Safety Board of Canada",2018-02-26,29 January 1995,30 May 1996
418,Railway Investigation Report R95T0092 - Transportation Safety Board of Canada,"Government of Canada, Transportation Safety Board of Canada",2015-10-22,31 March 1995,14 August 1996
419,Railway Investigation Report R95T0152 - Transportation Safety Board of Canada,"Government of Canada, Transportation Safety Board of Canada",2018-03-05,18 May 1995,10 September 1996
420,Railway Investigation Report R95T0259 - Transportation Safety Board of Canada,"Government of Canada, Transportation Safety Board of Canada",2018-03-05,15 August 1995,08 January 1999
421,Railway Investigation Report R95T0262 - Transportation Safety Board of Canada,"Government of Canada, Transportation Safety Board of Canada",2018-03-05,20 August 1995,
422,Railway Investigation Report R95V0017 - Transportation Safety Board of Canada,"Government of Canada, Transportation Safety Board of Canada",2018-03-05,20 January 1995,04 April 1996
423,Railway Investigation Report R95V0089 - Transportation Safety Board of Canada,"Government of Canada, Transportation Safety Board of Canada",2018-02-26,22 April 1995,16 December 1997
424,Railway Investigation Report R95V0174 - Transportation Safety Board of Canada,"Government of Canada, Transportation Safety Board of Canada",2018-03-05,20 August 1995,09 October 1996
425,Railway Investigation Report R95V0218 - Transportation Safety Board of Canada,"Government of Canada, Transportation Safety Board of Canada",2018-03-05,1 October 1995,16 December 1997
426,Railway Investigation Report R95W0291 - Transportation Safety Board of Canada,"Government of Canada, Transportation Safety Board of Canada",2018-03-05,5 November 1995,26 August 1998
427,Railway Investigation Report R96C0086 - Transportation Safety Board of Canada,"Government of Canada, Transportation Safety Board of Canada",2018-02-14,13 April 1996,27 May 1998
428,Railway Investigation Report R96C0135 - Transportation Safety Board of Canada,"Government of Canada, Transportation Safety Board of Canada",2019-11-29,14 June 1996,25 February 1998
429,Railway Investigation Report R96C0172 - Transportation Safety Board of Canada,"Government of Canada, Transportation Safety Board of Canada",2018-02-14,12 August 1996,22 August 1997
430,Railway Investigation Report R96D0018 - Transportation Safety Board of Canada,"Government of Canada, Transportation Safety Board of Canada",2018-02-15,31 January 1996,07 October 1997
431,Railway Investigation Report R96D0029 - Transportation Safety Board of Canada,"Government of Canada, Transportation Safety Board of Canada",2018-02-15,27 February 1996,15 October 1998
432,Railway Investigation Report R96D0035 - Transportation Safety Board of Canada,"Government of Canada, Transportation Safety Board of Canada",2018-02-15,10 March 1996,22 January 1997
433,Railway Investigation Report R96H0021 - Transportation Safety Board of Canada,"Government of Canada, Transportation Safety Board of Canada",2018-02-15,29 August 1996,17 February 1998
434,Railway Investigation Report R96M0011 - Transportation Safety Board of Canada,"Government of Canada, Transportation Safety Board of Canada",2015-10-22,11 March 1996,24 March 1998
435,,,,,
436,,,,,
437,Railway Investigation Report R96T0008 - Transportation Safety Board of Canada,"Government of Canada, Transportation Safety Board of Canada",2018-02-15,11 January 1996,17 March 1998
438,Railway Investigation Report R96T0080 - Transportation Safety Board of Canada,"Government of Canada, Transportation Safety Board of Canada",2018-02-15,6 March 1996,10 September 1998
439,Railway Investigation Report R96T0095 - Transportation Safety Board of Canada,"Government of Canada, Transportation Safety Board of Canada",2018-02-15,21 March 1996,5 November 1997
440,Railway Investigation Report R96T0111 - Transportation Safety Board of Canada,"Government of Canada, Transportation Safety Board of Canada",2018-02-15,31 March 1996,10 December 1998
441,Railway Investigation Report R96T0137 - Transportation Safety Board of Canada,"Government of Canada, Transportation Safety Board of Canada",2018-02-15,24 April 1996,25 February 1998
442,Railway Investigation Report R96W0171 - Transportation Safety Board of Canada,"Government of Canada, Transportation Safety Board of Canada",2015-10-22,2 July 1996,09 April 1999
443,Railway Investigation Report R97C0147 - Transportation Safety Board of Canada,"Government of Canada, Transportation Safety Board of Canada",2018-02-16,2 December 1997,10 December 1999
444,Railway Investigation Report R97D0113 - Transportation Safety Board of Canada,"Government of Canada, Transportation Safety Board of Canada",2018-02-16,6 May 1997,10 December 1998
445,Railway Investigation Report R97D0253 - Transportation Safety Board of Canada,"Government of Canada, Transportation Safety Board of Canada",2018-02-16,24 November 1997,01 March 2000
446,Railway Investigation Report R97H0008 - Transportation Safety Board of Canada,"Government of Canada, Transportation Safety Board of Canada",2018-02-16,13 August 1997,03 December 1998
447,Railway Investigation Report R97H0009 - Transportation Safety Board of Canada,"Government of Canada, Transportation Safety Board of Canada",2019-07-03,3 September 1997,05 August 1998
448,Railway Investigation Report R97S0098 - Transportation Safety Board of Canada,"Government of Canada, Transportation Safety Board of Canada",2018-02-16,7 October 1997,01 August 2000
449,Railway Investigation Report R97T0075 - Transportation Safety Board of Canada,"Government of Canada, Transportation Safety Board of Canada",2018-02-16,30 January 1997,16 September 1998
450,Railway Investigation Report R97T0097 - Transportation Safety Board of Canada,"Government of Canada, Transportation Safety Board of Canada",2018-02-16,7 April 1997,15 October 1998
451,Railway Investigation Report R97T0299 - Transportation Safety Board of Canada,"Government of Canada, Transportation Safety Board of Canada",2018-02-16,19 November 1997,03 February 1999
452,Railway Investigation Report R97V0063 - Transportation Safety Board of Canada,"Government of Canada, Transportation Safety Board of Canada",2018-02-16,26 March 1997,22 December 1998
453,Railway Investigation Report R98C0022 - Transportation Safety Board of Canada,"Government of Canada, Transportation Safety Board of Canada",2018-02-16,1 March 1998,14 March 2000
454,Railway Investigation Report R98D0184 - Transportation Safety Board of Canada,"Government of Canada, Transportation Safety Board of Canada",2018-02-19,15 December 1998,16 December 1999
455,Railway Investigation Report R98M0020 - Transportation Safety Board of Canada,"Government of Canada, Transportation Safety Board of Canada",2018-02-19,31 July 1998,26 July 2000
456,Railway Investigation Report R98M0029 - Transportation Safety Board of Canada,"Government of Canada, Transportation Safety Board of Canada",2018-02-19,24 September 1998,30 November 1999
457,Railway Investigation Report R98T0042 - Transportation Safety Board of Canada,"Government of Canada, Transportation Safety Board of Canada",2018-02-21,1 March 1998,14 March 2000
458,Railway Investigation Report R98T0141 - Transportation Safety Board of Canada,"Government of Canada, Transportation Safety Board of Canada",2018-02-21,17 June 1998,07 July 1999
459,Railway Investigation Report R98T0292 - Transportation Safety Board of Canada,"Government of Canada, Transportation Safety Board of Canada",2018-02-21,26 November 1998,08 May 2001
460,Railway Investigation Report R98V0100 - Transportation Safety Board of Canada,"Government of Canada, Transportation Safety Board of Canada",2018-02-21,31 May 1998,13 January 2000
461,Railway Investigation Report R98V0148 - Transportation Safety Board of Canada,"Government of Canada, Transportation Safety Board of Canada",2018-02-21,11 August 1998,28 November 2000
462,Railway Investigation Report R98V0183 - Transportation Safety Board of Canada,"Government of Canada, Transportation Safety Board of Canada",2019-06-03,1 October 1998,
463,Railway Investigation Report R99D0159 - Transportation Safety Board of Canada,"Government of Canada, Transportation Safety Board of Canada",2018-02-21,27 August 1999,30 May 2001
464,Railway Investigation Report R99E0023 - Transportation Safety Board of Canada,"Government of Canada, Transportation Safety Board of Canada",2018-02-21,31 January 1999,21 August 2001
465,Railway Investigation Report R99H0007 - Transportation Safety Board of Canada,"Government of Canada, Transportation Safety Board of Canada",2018-02-21,23 April 1999,13 February 2001
466,Railway Investigation Report R99H0009 - Transportation Safety Board of Canada,"Government of Canada, Transportation Safety Board of Canada",2018-02-22,14 July 1999,16 January 2002
467,Railway Investigation Report R99H0010 - Transportation Safety Board of Canada,"Government of Canada, Transportation Safety Board of Canada",2018-02-22,30 December 1999,27 June 2002
468,Railway Investigation Report R99M0046 - Transportation Safety Board of Canada,"Government of Canada, Transportation Safety Board of Canada",2018-02-22,9 October 1999,25 July 2001
469,Railway Investigation Report R99Q0019 - Transportation Safety Board of Canada,"Government of Canada, Transportation Safety Board of Canada",2018-02-22,13 April 1999,07 March 2002
470,Railway Investigation Report R99S0071 - Transportation Safety Board of Canada,"Government of Canada, Transportation Safety Board of Canada",2018-02-23,6 August 1999,17 April 2001
471,Railway Investigation Report R99S0100 - Transportation Safety Board of Canada,"Government of Canada, Transportation Safety Board of Canada",2018-02-22,9 November 1999,17 December 2002
472,Railway Investigation Report R99T0017 - Transportation Safety Board of Canada,"Government of Canada, Transportation Safety Board of Canada",2018-02-22,19 January 1999,21 January 2003
473,Railway Investigation Report R99T0031 - Transportation Safety Board of Canada,"Government of Canada, Transportation Safety Board of Canada",2018-02-23,6 February 1999,26 March 2001
474,Railway Investigation Report R99T0147 - Transportation Safety Board of Canada,"Government of Canada, Transportation Safety Board of Canada",2018-02-23,5 June 1999,25 September 2001
475,Railway Investigation Report R99T0256 - Transportation Safety Board of Canada,"Government of Canada, Transportation Safety Board of Canada",2018-02-23,23 September 1999,09 April 2002
476,Railway Investigation Report R99T0298 - Transportation Safety Board of Canada,"Government of Canada, Transportation Safety Board of Canada",2018-02-23,23 November 1999,11 September 2001
477,Railway Investigation Report R99V0141 - Transportation Safety Board of Canada,"Government of Canada, Transportation Safety Board of Canada",2018-02-23,15 August 1999,18 May 2001
478,Railway Investigation Report R99W0133 - Transportation Safety Board of Canada,"Government of Canada, Transportation Safety Board of Canada",2018-02-23,26 June 1999,20 December 2000
479,Railway Investigation Report R99W0231 - Transportation Safety Board of Canada,"Government of Canada, Transportation Safety Board of Canada",2018-02-23,1 November 1999,30 May 2001
480,Rail transportation safety issue investigation report SII R05-01 - Transportation Safety Board of Canada,"Government of Canada, Transportation Safety Board of Canada",2025-01-02,1 January 2006,
481,Railway Investigation Report SR9401 - Transportation Safety Board of Canada,"Government of Canada, Transportation Safety Board of Canada",2019-02-14,1 January 1994,
