,Unnamed: 0,doc_id,source,investigation_num,meta,modified
0,0,0,https://tsb.gc.ca/eng/enquetes-investigations/rail/2024/r24w0021/r24w0021.html,R24W0021,2016-03-17,"2016-03-17
"
1,1,1,https://tsb.gc.ca/eng/enquetes-investigations/rail/2024/r24c0014/r24c0014.html,R24C0014,2016-03-23,"2016-03-23
"
2,2,2,https://tsb.gc.ca/eng/enquetes-investigations/rail/2024/r24c0020/r24c0020.html,R24C0020,2016-03-23,"2016-03-23
"
3,3,3,https://tsb.gc.ca/eng/enquetes-investigations/rail/2024/r24c0012/r24c0012.html,R24C0012,,
4,4,4,https://tsb.gc.ca/eng/enquetes-investigations/rail/2023/r23v0205/r23v0205.html,R23V0205,,
5,5,5,https://tsb.gc.ca/eng/enquetes-investigations/rail/2023/r23d0108/r23d0108.html,R23D0108,,
6,6,6,https://tsb.gc.ca/eng/enquetes-investigations/rail/2023/r23h0006/r23h0006.html,R23H0006,,
7,7,7,https://tsb.gc.ca/eng/enquetes-investigations/rail/2023/r23m0050/r23m0050.html,R23M0050,,
8,8,8,https://tsb.gc.ca/eng/enquetes-investigations/rail/2023/r23e0079/r23e0079.html,R23E0079,,
9,9,9,https://tsb.gc.ca/eng/enquetes-investigations/rail/2023/r23e0029/r23e0029.html,R23E0029,,
10,10,10,https://tsb.gc.ca/eng/enquetes-investigations/rail/2023/r23d0011/r23d0011.html,R23D0011,2016-04-01,"2016-04-01
"
11,11,11,https://tsb.gc.ca/eng/enquetes-investigations/rail/2023/r23q0022/r23q0022.html,R23Q0022,2016-04-01,"2016-04-01
"
12,12,12,https://tsb.gc.ca/eng/enquetes-investigations/rail/2022/r22v0238/r22v0238.html,R22V0238,2016-04-01,"2016-04-01
"
13,13,13,https://tsb.gc.ca/eng/enquetes-investigations/rail/2022/r22d0106/r22d0106.html,R22D0106,2016-04-01,"2016-04-01
"
14,14,14,https://tsb.gc.ca/eng/enquetes-investigations/rail/2022/r22s0165/r22s0165.html,R22S0165,2016-04-04,"2016-04-04
"
15,15,15,https://tsb.gc.ca/eng/enquetes-investigations/rail/2022/r22c0065/r22c0065.html,R22C0065,2016-04-04,"2016-04-04
"
16,16,16,https://tsb.gc.ca/eng/enquetes-investigations/rail/2022/r22t0045/r22t0045.html,R22T0045,2016-04-04,"2016-04-04
"
17,17,17,https://tsb.gc.ca/eng/enquetes-investigations/rail/2021/r21s0048/r21s0048.html,R21S0048,2016-04-04,"2016-04-04
"
18,18,18,https://tsb.gc.ca/eng/enquetes-investigations/rail/2021/r21h0121/r21h0121.html,R21H0121,2016-04-04,"2016-04-04
"
19,19,19,https://tsb.gc.ca/eng/enquetes-investigations/rail/2021/r21h0099/r21h0099.html,R21H0099,2016-04-05,"2016-04-05
"
20,20,20,https://tsb.gc.ca/eng/enquetes-investigations/rail/2021/r21h0114/r21h0114.html,R21H0114,2016-04-05,"2016-04-05
"
21,21,21,https://tsb.gc.ca/eng/enquetes-investigations/rail/2021/r21m0027/r21m0027.html,R21M0027,2016-04-08,"2016-04-08
"
22,22,22,https://tsb.gc.ca/eng/enquetes-investigations/rail/2021/r21c0070/r21c0070.html,R21C0070,2016-04-08,"2016-04-08
"
23,23,23,https://tsb.gc.ca/eng/enquetes-investigations/rail/2021/r21h0087/r21h0087.html,R21H0087,2016-04-08,"2016-04-08
"
24,24,24,https://tsb.gc.ca/eng/enquetes-investigations/rail/2021/r21v0144/r21v0144.html,R21V0144,2016-04-08,"2016-04-08
"
25,25,25,https://tsb.gc.ca/eng/enquetes-investigations/rail/2021/r21v0143/r21v0143.html,R21V0143,2016-04-08,"2016-04-08
"
26,26,26,https://tsb.gc.ca/eng/enquetes-investigations/rail/2021/r21v0118/r21v0118.html,R21V0118,2016-04-08,"2016-04-08
"
27,27,27,https://tsb.gc.ca/eng/enquetes-investigations/rail/2020/r20h0082/r20h0082.html,R20H0082,2016-04-11,"2016-04-11
"
28,28,28,https://tsb.gc.ca/eng/enquetes-investigations/rail/2020/r20d0088/r20d0088.html,R20D0088,2016-04-11,"2016-04-11
"
29,29,29,https://tsb.gc.ca/eng/enquetes-investigations/rail/2021/r21t0007/r21t0007.html,R21T0007,2016-04-11,"2016-04-11
"
30,30,30,https://tsb.gc.ca/eng/enquetes-investigations/rail/2021/r21m0002/r21m0002.html,R21M0002,2016-04-14,"2016-04-14
"
31,31,31,https://tsb.gc.ca/eng/enquetes-investigations/rail/2021/r21d0001/r21d0001.html,R21D0001,2016-04-14,"2016-04-14
"
32,32,32,https://tsb.gc.ca/eng/enquetes-investigations/rail/2020/r20v0230/r20v0230.html,R20V0230,2016-04-14,"2016-04-14
"
33,33,33,https://tsb.gc.ca/eng/enquetes-investigations/rail/2020/r20h0130/r20h0130.html,R20H0130,2016-04-14,"2016-04-14
"
34,34,34,https://tsb.gc.ca/eng/enquetes-investigations/rail/2020/r20v0185/r20v0185.html,R20V0185,2016-04-14,"2016-04-14
"
35,35,35,https://tsb.gc.ca/eng/enquetes-investigations/rail/2020/r20w0102/r20w0102.html,R20W0102,2016-04-14,"2016-04-14
"
36,36,36,https://tsb.gc.ca/eng/enquetes-investigations/rail/2020/r20h0079/r20h0079.html,R20H0079,2016-05-11,"2016-05-11
"
37,37,37,https://tsb.gc.ca/eng/enquetes-investigations/rail/2020/r20d0013/r20d0013.html,R20D0013,2016-05-11,"2016-05-11
"
38,38,38,https://tsb.gc.ca/eng/enquetes-investigations/rail/2020/r20w0031/r20w0031.html,R20W0031,2016-05-16,"2016-05-16
"
39,39,39,https://tsb.gc.ca/eng/enquetes-investigations/rail/2020/r20w0025/r20w0025.html,R20W0025,2017-01-16,"2017-01-16
"
40,40,40,https://tsb.gc.ca/eng/enquetes-investigations/rail/2019/r19t0191/r19t0191.html,R19T0191,2017-01-16,"2017-01-16
"
41,41,41,https://tsb.gc.ca/eng/enquetes-investigations/rail/2019/r19w0329/r19w0329.html,R19W0329,2017-01-16,"2017-01-16
"
42,42,42,https://tsb.gc.ca/eng/enquetes-investigations/rail/2020/r20v0005/r20v0005.html,R20V0005,2017-01-16,"2017-01-16
"
43,43,43,https://tsb.gc.ca/eng/enquetes-investigations/rail/2019/r19w0236/r19w0236.html,R19W0236,2017-01-16,"2017-01-16
"
44,44,44,https://tsb.gc.ca/eng/enquetes-investigations/rail/2019/r19d0117/r19d0117.html,R19D0117,2017-01-18,"2017-01-18
"
45,45,45,https://tsb.gc.ca/eng/enquetes-investigations/rail/2019/r19e0147/r19e0147.html,R19E0147,2017-01-18,"2017-01-18
"
46,46,46,https://tsb.gc.ca/eng/enquetes-investigations/rail/2019/r19w0320/r19w0320.html,R19W0320,2017-01-18,"2017-01-18
"
47,47,47,https://tsb.gc.ca/eng/enquetes-investigations/rail/2019/r19h0123/r19h0123.html,R19H0123,2017-01-18,"2017-01-18
"
48,48,48,https://tsb.gc.ca/eng/enquetes-investigations/rail/2019/r19e0150/r19e0150.html,R19E0150,2017-01-18,"2017-01-18
"
49,49,49,https://tsb.gc.ca/eng/enquetes-investigations/rail/2019/r19c0002/r19c0002.html,R19C0002,2017-01-18,"2017-01-18
"
50,50,50,https://tsb.gc.ca/eng/enquetes-investigations/rail/2019/r19c0015/r19c0015.html,R19C0015,2017-01-18,"2017-01-18
"
51,51,51,https://tsb.gc.ca/eng/enquetes-investigations/rail/2019/r19c0038/r19c0038.html,R19C0038,2017-01-18,"2017-01-18
"
52,52,52,https://tsb.gc.ca/eng/enquetes-investigations/rail/2019/r19c0088/r19c0088.html,R19C0088,2017-01-20,"2017-01-20
"
53,53,53,https://tsb.gc.ca/eng/enquetes-investigations/rail/2019/r19c0094/r19c0094.html,R19C0094,2017-01-20,"2017-01-20
"
54,54,54,https://tsb.gc.ca/eng/enquetes-investigations/rail/2019/r19c0111/r19c0111.html,R19C0111,2017-01-20,"2017-01-20
"
55,55,55,https://tsb.gc.ca/eng/enquetes-investigations/rail/2019/r19d0065/r19d0065.html,R19D0065,2017-01-20,"2017-01-20
"
56,56,56,https://tsb.gc.ca/eng/enquetes-investigations/rail/2019/r19h0021/r19h0021.html,R19H0021,2017-01-20,"2017-01-20
"
57,57,57,https://tsb.gc.ca/eng/enquetes-investigations/rail/2019/r19m0018/r19m0018.html,R19M0018,2017-01-24,"2017-01-24
"
58,58,58,https://tsb.gc.ca/eng/enquetes-investigations/rail/2019/r19q0092/r19q0092.html,R19Q0092,2017-01-24,"2017-01-24
"
59,59,59,https://tsb.gc.ca/eng/enquetes-investigations/rail/2019/r19m0028/r19m0028.html,R19M0028,2017-01-24,"2017-01-24
"
60,60,60,https://tsb.gc.ca/eng/enquetes-investigations/rail/2019/r19t0107/r19t0107.html,R19T0107,2017-01-24,"2017-01-24
"
61,61,61,https://tsb.gc.ca/eng/enquetes-investigations/rail/2019/r19t0147/r19t0147.html,R19T0147,2017-01-25,"2017-01-25
"
62,62,62,https://tsb.gc.ca/eng/enquetes-investigations/rail/2019/r19v0002/r19v0002.html,R19V0002,2017-01-25,"2017-01-25
"
63,63,63,https://tsb.gc.ca/eng/enquetes-investigations/rail/2019/r19w0002/r19w0002.html,R19W0002,2017-01-25,"2017-01-25
"
64,64,64,https://tsb.gc.ca/eng/enquetes-investigations/rail/2019/r19w0017/r19w0017.html,R19W0017,2017-01-26,"2017-01-26
"
65,65,65,https://tsb.gc.ca/eng/enquetes-investigations/rail/2019/r19w0050/r19w0050.html,R19W0050,2017-01-26,"2017-01-26
"
66,66,66,https://tsb.gc.ca/eng/enquetes-investigations/rail/2018/r18h0105/r18h0105.html,R18H0105,2017-01-26,"2017-01-26
"
67,67,67,https://tsb.gc.ca/eng/enquetes-investigations/rail/2018/r18d0096/r18d0096.html,R18D0096,2017-01-26,"2017-01-26
"
68,68,68,https://tsb.gc.ca/eng/enquetes-investigations/rail/2018/r18m0037/r18m0037.html,R18M0037,2017-01-26,"2017-01-26
"
69,69,69,https://tsb.gc.ca/eng/enquetes-investigations/rail/2018/r18w0237/r18w0237.html,R18W0237,2017-01-27,"2017-01-27
"
70,70,70,https://tsb.gc.ca/eng/enquetes-investigations/rail/2018/r18d0069/r18d0069.html,R18D0069,2017-01-27,"2017-01-27
"
71,71,71,https://tsb.gc.ca/eng/enquetes-investigations/rail/2018/r18v0127/r18v0127.html,R18V0127,2017-01-27,"2017-01-27
"
72,72,72,https://tsb.gc.ca/eng/enquetes-investigations/rail/2018/r18q0046/r18q0046.html,R18Q0046,2017-01-27,"2017-01-27
"
73,73,73,https://tsb.gc.ca/eng/enquetes-investigations/rail/2018/r18h0039/r18h0039.html,R18H0039,2017-01-27,"2017-01-27
"
74,74,74,https://tsb.gc.ca/eng/enquetes-investigations/rail/2018/r18t0058/r18t0058.html,R18T0058,2017-01-24,"2017-01-24
"
75,75,75,https://tsb.gc.ca/eng/enquetes-investigations/rail/2018/r18e0007/r18e0007.html,R18E0007,2019-11-29,"2019-11-29
"
76,76,76,https://tsb.gc.ca/eng/enquetes-investigations/rail/2018/r18t0006/r18t0006.html,R18T0006,2017-01-30,"2017-01-30
"
77,77,77,https://tsb.gc.ca/eng/enquetes-investigations/rail/2018/r18w0007/r18w0007.html,R18W0007,2017-01-30,"2017-01-30
"
78,78,78,https://tsb.gc.ca/eng/enquetes-investigations/rail/2018/r18e0138/r18e0138.html,R18E0138,2017-01-30,"2017-01-30
"
79,79,79,https://tsb.gc.ca/eng/enquetes-investigations/rail/2017/r17w0267/r17w0267.html,R17W0267,2017-01-30,"2017-01-30
"
80,80,80,https://tsb.gc.ca/eng/rapports-reports/rail/1991/r91h0006/r91h0006.html,R91H0006,2017-01-30,"2017-01-30
"
81,81,81,https://tsb.gc.ca/eng/rapports-reports/rail/1992/r92t0183/r92t0183.html,R92T0183,2017-01-30,"2017-01-30
"
82,82,82,https://tsb.gc.ca/eng/rapports-reports/rail/1993/r93c0103/r93c0103.html,R93C0103,2017-01-30,"2017-01-30
"
83,83,83,https://tsb.gc.ca/eng/rapports-reports/rail/1993/r93t0201/r93t0201.html,R93T0201,2017-01-31,"2017-01-31
"
84,84,84,https://tsb.gc.ca/eng/rapports-reports/rail/1994/r94c0010/r94c0010.html,R94C0010,2017-02-02,"2017-02-02
"
85,85,85,https://tsb.gc.ca/eng/rapports-reports/rail/1994/r94c0035/r94c0035.html,R94C0035,2017-02-02,"2017-02-02
"
86,86,86,https://tsb.gc.ca/eng/rapports-reports/rail/1994/r94c0137/r94c0137.html,R94C0137,2017-02-03,"2017-02-03
"
87,87,87,https://tsb.gc.ca/eng/rapports-reports/rail/1994/r94d0033/r94d0033.html,R94D0033,2017-02-03,"2017-02-03
"
88,88,88,https://tsb.gc.ca/eng/rapports-reports/rail/1994/r94d0191/r94d0191.html,R94D0191,2017-02-23,"2017-02-23
"
89,89,89,https://tsb.gc.ca/eng/rapports-reports/rail/1994/r94e0062/r94e0062.html,R94E0062,2017-02-23,"2017-02-23
"
90,90,90,https://tsb.gc.ca/eng/rapports-reports/rail/1994/r94m0100/r94m0100.html,R94M0100,2017-02-23,"2017-02-23
"
91,91,91,https://tsb.gc.ca/eng/rapports-reports/rail/1994/r94q0029/r94q0029.html,R94Q0029,2017-02-24,"2017-02-24
"
92,92,92,https://tsb.gc.ca/eng/rapports-reports/rail/1994/r94q0048/r94q0048.html,R94Q0048,2017-02-24,"2017-02-24
"
93,93,93,https://tsb.gc.ca/eng/rapports-reports/rail/1994/r94q0054/r94q0054.html,R94Q0054,2017-03-13,"2017-03-13
"
94,94,94,https://tsb.gc.ca/eng/rapports-reports/rail/1994/r94q0065/r94q0065.html,R94Q0065,2017-03-13,"2017-03-13
"
95,95,95,https://tsb.gc.ca/eng/rapports-reports/rail/1994/r94q0074/r94q0074.html,R94Q0074,2017-03-17,"2017-03-17
"
96,96,96,https://tsb.gc.ca/eng/rapports-reports/rail/1994/r94t0029/r94t0029.html,R94T0029,2017-03-13,"2017-03-13
"
97,97,97,https://tsb.gc.ca/eng/rapports-reports/rail/1994/r94t0060/r94t0060.html,R94T0060,2017-03-13,"2017-03-13
"
98,98,98,https://tsb.gc.ca/eng/rapports-reports/rail/1994/r94t0063/r94t0063.html,R94T0063,2017-03-14,"2017-03-14
"
99,99,99,https://tsb.gc.ca/eng/rapports-reports/rail/1994/r94t0072/r94t0072.html,R94T0072,2017-03-14,"2017-03-14
"
100,100,100,https://tsb.gc.ca/eng/rapports-reports/rail/1994/r94t0334/r94t0334.html,R94T0334,2017-03-14,"2017-03-14
"
101,101,101,https://tsb.gc.ca/eng/rapports-reports/rail/1994/r94t0357/r94t0357.html,R94T0357,2017-03-14,"2017-03-14
"
102,102,102,https://tsb.gc.ca/eng/rapports-reports/rail/1994/r94v0006/r94v0006.html,R94V0006,2017-03-14,"2017-03-14
"
103,103,103,https://tsb.gc.ca/eng/rapports-reports/rail/1994/r94v0206/r94v0206.html,R94V0206,2017-03-14,"2017-03-14
"
104,104,104,https://tsb.gc.ca/eng/rapports-reports/rail/1994/r94w0019/r94w0019.html,R94W0019,2015-10-22,"2015-10-22
"
105,105,105,https://tsb.gc.ca/eng/rapports-reports/rail/1994/r94w0101/r94w0101.html,R94W0101,2017-03-16,"2017-03-16
"
106,106,106,https://tsb.gc.ca/eng/rapports-reports/rail/1994/r94w0243/r94w0243.html,R94W0243,2017-03-16,"2017-03-16
"
107,107,107,https://tsb.gc.ca/eng/rapports-reports/rail/1995/r95d0016/r95d0016.html,R95D0016,2017-03-16,"2017-03-16
"
108,108,108,https://tsb.gc.ca/eng/rapports-reports/rail/1995/r95d0055/r95d0055.html,R95D0055,2017-03-16,"2017-03-16
"
109,109,109,https://tsb.gc.ca/eng/rapports-reports/rail/1995/r95d0081/r95d0081.html,R95D0081,2017-03-16,"2017-03-16
"
110,110,110,https://tsb.gc.ca/eng/rapports-reports/rail/1995/r95d0093/r95d0093.html,R95D0093,,
111,111,111,https://tsb.gc.ca/eng/rapports-reports/rail/1995/r95d0097/r95d0097.html,R95D0097,,
112,112,112,https://tsb.gc.ca/eng/rapports-reports/rail/1995/r95d0114/r95d0114.html,R95D0114,,
113,113,113,https://tsb.gc.ca/eng/rapports-reports/rail/1995/r95m0027/r95m0027.html,R95M0027,,
114,114,114,https://tsb.gc.ca/eng/rapports-reports/rail/1995/r95m0072/r95m0072.html,R95M0072,,
115,115,115,https://tsb.gc.ca/eng/rapports-reports/rail/1995/r95q0014/r95q0014.html,R95Q0014,,
116,116,116,https://tsb.gc.ca/eng/rapports-reports/rail/1995/r95q0019/r95q0019.html,R95Q0019,,
117,117,117,https://tsb.gc.ca/eng/rapports-reports/rail/1995/r95q0045/r95q0045.html,R95Q0045,,
118,118,118,https://tsb.gc.ca/eng/rapports-reports/rail/1995/r95s0021/r95s0021.html,R95S0021,2017-03-22,"2017-03-22
"
119,119,119,https://tsb.gc.ca/eng/rapports-reports/rail/1995/r95s0036/r95s0036.html,R95S0036,2017-03-22,"2017-03-22
"
120,120,120,https://tsb.gc.ca/eng/rapports-reports/rail/1995/r95t0023/r95t0023.html,R95T0023,2017-03-22,"2017-03-22
"
121,121,121,https://tsb.gc.ca/eng/rapports-reports/rail/1995/r95t0092/r95t0092.html,R95T0092,2017-03-22,"2017-03-22
"
122,122,122,https://tsb.gc.ca/eng/rapports-reports/rail/1995/r95t0152/r95t0152.html,R95T0152,2017-03-22,"2017-03-22
"
123,123,123,https://tsb.gc.ca/eng/rapports-reports/rail/1995/r95t0259/r95t0259.html,R95T0259,2017-03-22,"2017-03-22
"
124,124,124,https://tsb.gc.ca/eng/rapports-reports/rail/1995/r95t0262/r95t0262.html,R95T0262,2017-03-22,"2017-03-22
"
125,125,125,https://tsb.gc.ca/eng/rapports-reports/rail/1995/r95v0017/r95v0017.html,R95V0017,2017-03-22,"2017-03-22
"
126,126,126,https://tsb.gc.ca/eng/rapports-reports/rail/1995/r95v0089/r95v0089.html,R95V0089,2017-03-23,"2017-03-23
"
127,127,127,https://tsb.gc.ca/eng/rapports-reports/rail/1995/r95v0174/r95v0174.html,R95V0174,2017-03-23,"2017-03-23
"
128,128,128,https://tsb.gc.ca/eng/rapports-reports/rail/1995/r95v0218/r95v0218.html,R95V0218,2017-03-23,"2017-03-23
"
129,129,129,https://tsb.gc.ca/eng/rapports-reports/rail/1995/r95w0291/r95w0291.html,R95W0291,2017-03-23,"2017-03-23
"
130,130,130,https://tsb.gc.ca/eng/rapports-reports/rail/1996/r96c0086/r96c0086.html,R96C0086,2017-03-23,"2017-03-23
"
131,131,131,https://tsb.gc.ca/eng/rapports-reports/rail/1996/r96c0135/r96c0135.html,R96C0135,2017-03-23,"2017-03-23
"
132,132,132,https://tsb.gc.ca/eng/rapports-reports/rail/1996/r96c0172/r96c0172.html,R96C0172,2017-03-23,"2017-03-23
"
133,133,133,https://tsb.gc.ca/eng/rapports-reports/rail/1996/r96d0018/r96d0018.html,R96D0018,2017-03-23,"2017-03-23
"
134,134,134,https://tsb.gc.ca/eng/rapports-reports/rail/1996/r96d0029/r96d0029.html,R96D0029,2017-03-23,"2017-03-23
"
135,135,135,https://tsb.gc.ca/eng/rapports-reports/rail/1996/r96d0035/r96d0035.html,R96D0035,2017-03-23,"2017-03-23
"
136,136,136,https://tsb.gc.ca/eng/rapports-reports/rail/1996/r96h0021/r96h0021.html,R96H0021,2017-03-23,"2017-03-23
"
137,137,137,https://tsb.gc.ca/eng/rapports-reports/rail/1996/r96m0011/r96m0011.html,R96M0011,2017-03-24,"2017-03-24
"
138,138,138,https://tsb.gc.ca/eng/rapports-reports/rail/1996/r96q0050/r96q0050.html,R96Q0050,2017-03-24,"2017-03-24
"
139,139,139,https://tsb.gc.ca/eng/rapports-reports/rail/1996/r96s0106/r96s0106.html,R96S0106,2017-03-28,"2017-03-28
"
140,140,140,https://tsb.gc.ca/eng/rapports-reports/rail/1996/r96t0008/r96t0008.html,R96T0008,2017-03-28,"2017-03-28
"
141,141,141,https://tsb.gc.ca/eng/rapports-reports/rail/1996/r96t0080/r96t0080.html,R96T0080,2017-03-29,"2017-03-29
"
142,142,142,https://tsb.gc.ca/eng/rapports-reports/rail/1996/r96t0095/r96t0095.html,R96T0095,2017-03-29,"2017-03-29
"
143,143,143,https://tsb.gc.ca/eng/rapports-reports/rail/1996/r96t0111/r96t0111.html,R96T0111,2017-03-30,"2017-03-30
"
144,144,144,https://tsb.gc.ca/eng/rapports-reports/rail/1996/r96t0137/r96t0137.html,R96T0137,2017-03-30,"2017-03-30
"
145,145,145,https://tsb.gc.ca/eng/rapports-reports/rail/1996/r96w0171/r96w0171.html,R96W0171,2017-03-30,"2017-03-30
"
146,146,146,https://tsb.gc.ca/eng/rapports-reports/rail/1997/r97c0147/r97c0147.html,R97C0147,2017-03-30,"2017-03-30
"
147,147,147,https://tsb.gc.ca/eng/rapports-reports/rail/1997/r97d0113/r97d0113.html,R97D0113,2015-10-22,"2015-10-22
"
148,148,148,https://tsb.gc.ca/eng/rapports-reports/rail/1997/r97d0253/r97d0253.html,R97D0253,2017-03-31,"2017-03-31
"
149,149,149,https://tsb.gc.ca/eng/rapports-reports/rail/1997/r97h0008/r97h0008.html,R97H0008,2017-03-31,"2017-03-31
"
150,150,150,https://tsb.gc.ca/eng/rapports-reports/rail/1997/r97h0009/r97h0009.html,R97H0009,2017-03-31,"2017-03-31
"
151,151,151,https://tsb.gc.ca/eng/rapports-reports/rail/1997/r97s0098/r97s0098.html,R97S0098,2017-04-04,"2017-04-04
"
152,152,152,https://tsb.gc.ca/eng/rapports-reports/rail/1997/r97t0075/r97t0075.html,R97T0075,2017-04-05,"2017-04-05
"
153,153,153,https://tsb.gc.ca/eng/rapports-reports/rail/1997/r97t0097/r97t0097.html,R97T0097,2017-04-05,"2017-04-05
"
154,154,154,https://tsb.gc.ca/eng/rapports-reports/rail/1997/r97t0299/r97t0299.html,R97T0299,2017-04-05,"2017-04-05
"
155,155,155,https://tsb.gc.ca/eng/rapports-reports/rail/1997/r97v0063/r97v0063.html,R97V0063,2017-04-05,"2017-04-05
"
156,156,156,https://tsb.gc.ca/eng/rapports-reports/rail/1998/r98c0022/r98c0022.html,R98C0022,2017-04-06,"2017-04-06
"
157,157,157,https://tsb.gc.ca/eng/rapports-reports/rail/1998/r98d0184/r98d0184.html,R98D0184,2017-04-06,"2017-04-06
"
158,158,158,https://tsb.gc.ca/eng/rapports-reports/rail/1998/r98m0020/r98m0020.html,R98M0020,2017-04-06,"2017-04-06
"
159,159,159,https://tsb.gc.ca/eng/rapports-reports/rail/1998/r98m0029/r98m0029.html,R98M0029,2017-04-06,"2017-04-06
"
160,160,160,https://tsb.gc.ca/eng/rapports-reports/rail/1998/r98t0042/r98t0042.html,R98T0042,2017-04-06,"2017-04-06
"
161,161,161,https://tsb.gc.ca/eng/rapports-reports/rail/1998/r98t0141/r98t0141.html,R98T0141,2017-04-07,"2017-04-07
"
162,162,162,https://tsb.gc.ca/eng/rapports-reports/rail/1998/r98t0292/r98t0292.html,R98T0292,2017-04-07,"2017-04-07
"
163,163,163,https://tsb.gc.ca/eng/rapports-reports/rail/1998/r98v0100/r98v0100.html,R98V0100,2017-04-07,"2017-04-07
"
164,164,164,https://tsb.gc.ca/eng/rapports-reports/rail/1998/r98v0148/r98v0148.html,R98V0148,2017-04-07,"2017-04-07
"
165,165,165,https://tsb.gc.ca/eng/rapports-reports/rail/1998/r98v0183/r98v0183.html,R98V0183,2017-04-07,"2017-04-07
"
166,166,166,https://tsb.gc.ca/eng/rapports-reports/rail/1999/r99d0159/r99d0159.html,R99D0159,2017-04-07,"2017-04-07
"
167,167,167,https://tsb.gc.ca/eng/rapports-reports/rail/1999/r99e0023/r99e0023.html,R99E0023,2017-04-07,"2017-04-07
"
168,168,168,https://tsb.gc.ca/eng/rapports-reports/rail/1999/r99h0007/r99h0007.html,R99H0007,2017-04-10,"2017-04-10
"
169,169,169,https://tsb.gc.ca/eng/rapports-reports/rail/1999/r99h0009/r99h0009.html,R99H0009,2017-04-10,"2017-04-10
"
170,170,170,https://tsb.gc.ca/eng/rapports-reports/rail/1999/r99h0010/r99h0010.html,R99H0010,2017-04-10,"2017-04-10
"
171,171,171,https://tsb.gc.ca/eng/rapports-reports/rail/1999/r99m0046/r99m0046.html,R99M0046,2017-04-12,"2017-04-12
"
172,172,172,https://tsb.gc.ca/eng/rapports-reports/rail/1999/r99q0019/r99q0019.html,R99Q0019,2017-04-12,"2017-04-12
"
173,173,173,https://tsb.gc.ca/eng/rapports-reports/rail/1999/r99s0071/r99s0071.html,R99S0071,2017-04-18,"2017-04-18
"
174,174,174,https://tsb.gc.ca/eng/rapports-reports/rail/1999/r99s0100/r99s0100.html,R99S0100,2017-04-18,"2017-04-18
"
175,175,175,https://tsb.gc.ca/eng/rapports-reports/rail/1999/r99t0017/r99t0017.html,R99T0017,2017-04-18,"2017-04-18
"
176,176,176,https://tsb.gc.ca/eng/rapports-reports/rail/1999/r99t0031/r99t0031.html,R99T0031,2017-04-18,"2017-04-18
"
177,177,177,https://tsb.gc.ca/eng/rapports-reports/rail/1999/r99t0147/r99t0147.html,R99T0147,2017-04-19,"2017-04-19
"
178,178,178,https://tsb.gc.ca/eng/rapports-reports/rail/1999/r99t0256/r99t0256.html,R99T0256,2017-04-19,"2017-04-19
"
179,179,179,https://tsb.gc.ca/eng/rapports-reports/rail/1999/r99t0298/r99t0298.html,R99T0298,2017-04-19,"2017-04-19
"
180,180,180,https://tsb.gc.ca/eng/rapports-reports/rail/1999/r99v0141/r99v0141.html,R99V0141,2017-04-19,"2017-04-19
"
181,181,181,https://tsb.gc.ca/eng/rapports-reports/rail/1999/r99w0133/r99w0133.html,R99W0133,2017-04-19,"2017-04-19
"
182,182,182,https://tsb.gc.ca/eng/rapports-reports/rail/1999/r99w0231/r99w0231.html,R99W0231,2017-04-19,"2017-04-19
"
183,183,183,https://tsb.gc.ca/eng/rapports-reports/rail/2000/r00c0159/r00c0159.html,R00C0159,2017-04-19,"2017-04-19
"
184,184,184,https://tsb.gc.ca/eng/rapports-reports/rail/2000/r00d0026/r00d0026.html,R00D0026,2020-01-23,"2020-01-23
"
185,185,185,https://tsb.gc.ca/eng/rapports-reports/rail/2000/r00d0098/r00d0098.html,R00D0098,2017-04-20,"2017-04-20
"
186,186,186,https://tsb.gc.ca/eng/rapports-reports/rail/2000/r00e0126/r00e0126.html,R00E0126,2019-02-25,"2019-02-25
"
187,187,187,https://tsb.gc.ca/eng/rapports-reports/rail/2000/r00h0004/r00h0004.html,R00H0004,2019-02-25,"2019-02-25
"
188,188,188,https://tsb.gc.ca/eng/rapports-reports/rail/2000/r00m0007/r00m0007.html,R00M0007,2017-04-21,"2017-04-21
"
189,189,189,https://tsb.gc.ca/eng/rapports-reports/rail/2000/r00m0044/r00m0044.html,R00M0044,2017-04-21,"2017-04-21
"
190,190,190,https://tsb.gc.ca/eng/rapports-reports/rail/2000/r00q0023/r00q0023.html,R00Q0023,2017-04-24,"2017-04-24
"
191,191,191,https://tsb.gc.ca/eng/rapports-reports/rail/2000/r00t0067/r00t0067.html,R00T0067,2019-02-25,"2019-02-25
"
192,192,192,https://tsb.gc.ca/eng/rapports-reports/rail/2000/r00t0179/r00t0179.html,R00T0179,2019-02-25,"2019-02-25
"
193,193,193,https://tsb.gc.ca/eng/rapports-reports/rail/2000/r00t0257/r00t0257.html,R00T0257,2019-02-25,"2019-02-25
"
194,194,194,https://tsb.gc.ca/eng/rapports-reports/rail/2000/r00t0324/r00t0324.html,R00T0324,2019-02-25,"2019-02-25
"
195,195,195,https://tsb.gc.ca/eng/rapports-reports/rail/2000/r00v0060/r00v0060.html,R00V0060,2019-02-25,"2019-02-25
"
196,196,196,https://tsb.gc.ca/eng/rapports-reports/rail/2000/r00v0206/r00v0206.html,R00V0206,2024-10-28,"2024-10-28
"
197,197,197,https://tsb.gc.ca/eng/rapports-reports/rail/2000/r00w0106/r00w0106.html,R00W0106,2017-08-21,"2017-08-21
"
198,198,198,https://tsb.gc.ca/eng/rapports-reports/rail/2000/r00w0246/r00w0246.html,R00W0246,2019-02-26,"2019-02-26
"
199,199,199,https://tsb.gc.ca/eng/rapports-reports/rail/2000/r00w0253/r00w0253.html,R00W0253,2019-02-26,"2019-02-26
"
200,200,200,https://tsb.gc.ca/eng/rapports-reports/rail/2001/r01d0097/r01d0097.html,R01D0097,2019-02-26,"2019-02-26
"
201,201,201,https://tsb.gc.ca/eng/rapports-reports/rail/2001/r01e0009/r01e0009.html,R01E0009,2019-02-26,"2019-02-26
"
202,202,202,https://tsb.gc.ca/eng/rapports-reports/rail/2001/r01h0005/r01h0005.html,R01H0005,2019-02-26,"2019-02-26
"
203,203,203,https://tsb.gc.ca/eng/rapports-reports/rail/2001/r01m0024/r01m0024.html,R01M0024,2019-02-26,"2019-02-26
"
204,204,204,https://tsb.gc.ca/eng/rapports-reports/rail/2001/r01m0061/r01m0061.html,R01M0061,2019-02-26,"2019-02-26
"
205,205,205,https://tsb.gc.ca/eng/rapports-reports/rail/2001/r01q0010/r01q0010.html,R01Q0010,2019-02-26,"2019-02-26
"
206,206,206,https://tsb.gc.ca/eng/rapports-reports/rail/2001/r01t0006/r01t0006.html,R01T0006,2018-03-28,"2018-03-28
"
207,207,207,https://tsb.gc.ca/eng/rapports-reports/rail/2001/r01t0129/r01t0129.html,R01T0129,2019-02-26,"2019-02-26
"
208,208,208,https://tsb.gc.ca/eng/rapports-reports/rail/2001/r01t0255/r01t0255.html,R01T0255,2019-02-26,"2019-02-26
"
209,209,209,https://tsb.gc.ca/eng/rapports-reports/rail/2001/r01w0007/r01w0007.html,R01W0007,2019-02-26,"2019-02-26
"
210,210,210,https://tsb.gc.ca/eng/rapports-reports/rail/2001/r01w0182/r01w0182.html,R01W0182,2019-02-27,"2019-02-27
"
211,211,211,https://tsb.gc.ca/eng/rapports-reports/rail/2002/r02c0013/r02c0013.html,R02C0013,2019-02-27,"2019-02-27
"
212,212,212,https://tsb.gc.ca/eng/rapports-reports/rail/2002/r02c0022/r02c0022.html,R02C0022,2019-02-27,"2019-02-27
"
213,213,213,https://tsb.gc.ca/eng/rapports-reports/rail/2002/r02c0050/r02c0050.html,R02C0050,2019-02-27,"2019-02-27
"
214,214,214,https://tsb.gc.ca/eng/rapports-reports/rail/2002/r02c0054/r02c0054.html,R02C0054,2019-02-27,"2019-02-27
"
215,215,215,https://tsb.gc.ca/eng/rapports-reports/rail/2002/r02d0069/r02d0069.html,R02D0069,2019-02-27,"2019-02-27
"
216,216,216,https://tsb.gc.ca/eng/rapports-reports/rail/2002/r02d0113/r02d0113.html,R02D0113,2019-02-27,"2019-02-27
"
217,217,217,https://tsb.gc.ca/eng/rapports-reports/rail/2002/r02e0114/r02e0114.html,R02E0114,2019-02-27,"2019-02-27
"
218,218,218,https://tsb.gc.ca/eng/rapports-reports/rail/2002/r02m0007/r02m0007.html,R02M0007,2019-02-27,"2019-02-27
"
219,219,219,https://tsb.gc.ca/eng/rapports-reports/rail/2002/r02m0050/r02m0050.html,R02M0050,2019-02-27,"2019-02-27
"
220,220,220,https://tsb.gc.ca/eng/rapports-reports/rail/2002/r02q0021/r02q0021.html,R02Q0021,2019-02-27,"2019-02-27
"
221,221,221,https://tsb.gc.ca/eng/rapports-reports/rail/2002/r02q0041/r02q0041.html,R02Q0041,2019-02-27,"2019-02-27
"
222,222,222,https://tsb.gc.ca/eng/rapports-reports/rail/2002/r02t0008/r02t0008.html,R02T0008,2019-02-27,"2019-02-27
"
223,223,223,https://tsb.gc.ca/eng/rapports-reports/rail/2002/r02t0047/r02t0047.html,R02T0047,2019-02-28,"2019-02-28
"
224,224,224,https://tsb.gc.ca/eng/rapports-reports/rail/2002/r02t0149/r02t0149.html,R02T0149,2019-04-25,"2019-04-25
"
225,225,225,https://tsb.gc.ca/eng/rapports-reports/rail/2002/r02v0057/r02v0057.html,R02V0057,2019-02-28,"2019-02-28
"
226,226,226,https://tsb.gc.ca/eng/rapports-reports/rail/2002/r02w0060/r02w0060.html,R02W0060,2019-02-28,"2019-02-28
"
227,227,227,https://tsb.gc.ca/eng/rapports-reports/rail/2002/r02w0063/r02w0063.html,R02W0063,2019-02-28,"2019-02-28
"
228,228,228,https://tsb.gc.ca/eng/rapports-reports/rail/2003/r03c0101/r03c0101.html,R03C0101,2024-07-19,"2024-07-19
"
229,229,229,https://tsb.gc.ca/eng/rapports-reports/rail/2003/r03d0042/r03d0042.html,R03D0042,2019-02-28,"2019-02-28
"
230,230,230,https://tsb.gc.ca/eng/rapports-reports/rail/2003/r03q0003/r03q0003.html,R03Q0003,2019-02-28,"2019-02-28
"
231,231,231,https://tsb.gc.ca/eng/rapports-reports/rail/2003/r03q0022/r03q0022.html,R03Q0022,2019-03-01,"2019-03-01
"
232,232,232,https://tsb.gc.ca/eng/rapports-reports/rail/2003/r03q0036/r03q0036.html,R03Q0036,2019-03-01,"2019-03-01
"
233,233,233,https://tsb.gc.ca/eng/rapports-reports/rail/2003/r03t0026/r03t0026.html,R03T0026,2019-02-01,"2019-02-01
"
234,234,234,https://tsb.gc.ca/eng/rapports-reports/rail/2003/r03t0047/r03t0047.html,R03T0047,2019-03-01,"2019-03-01
"
235,235,235,https://tsb.gc.ca/eng/rapports-reports/rail/2003/r03t0064/r03t0064.html,R03T0064,2018-03-01,"2018-03-01
"
236,236,236,https://tsb.gc.ca/eng/rapports-reports/rail/2003/r03t0080/r03t0080.html,R03T0080,2019-03-01,"2019-03-01
"
237,237,237,https://tsb.gc.ca/eng/rapports-reports/rail/2003/r03t0157/r03t0157.html,R03T0157,2019-03-01,"2019-03-01
"
238,238,238,https://tsb.gc.ca/eng/rapports-reports/rail/2003/r03t0158/r03t0158.html,R03T0158,2019-03-01,"2019-03-01
"
239,239,239,https://tsb.gc.ca/eng/rapports-reports/rail/2003/r03v0019/r03v0019.html,R03V0019,2019-03-01,"2019-03-01
"
240,240,240,https://tsb.gc.ca/eng/rapports-reports/rail/2003/r03v0083/r03v0083.html,R03V0083,2019-03-01,"2019-03-01
"
241,241,241,https://tsb.gc.ca/eng/rapports-reports/rail/2003/r03w0169/r03w0169.html,R03W0169,2019-03-01,"2019-03-01
"
242,242,242,https://tsb.gc.ca/eng/rapports-reports/rail/2004/r04c0110/r04c0110.html,R04C0110,2019-03-01,"2019-03-01
"
243,243,243,https://tsb.gc.ca/eng/rapports-reports/rail/2004/r04e0027/r04e0027.html,R04E0027,2019-03-01,"2019-03-01
"
244,244,244,https://tsb.gc.ca/eng/rapports-reports/rail/2004/r04h0009/r04h0009.html,R04H0009,2019-03-01,"2019-03-01
"
245,245,245,https://tsb.gc.ca/eng/rapports-reports/rail/2004/r04h0014/r04h0014.html,R04H0014,2019-03-01,"2019-03-01
"
246,246,246,https://tsb.gc.ca/eng/rapports-reports/rail/2004/r04m0032/r04m0032.html,R04M0032,2024-11-29,"2024-11-29
"
247,247,247,https://tsb.gc.ca/eng/rapports-reports/rail/2004/r04q0006/r04q0006.html,R04Q0006,2019-03-01,"2019-03-01
"
248,248,248,https://tsb.gc.ca/eng/rapports-reports/rail/2004/r04q0016/r04q0016.html,R04Q0016,2025-02-04,"2025-02-04
"
249,249,249,https://tsb.gc.ca/eng/rapports-reports/rail/2004/r04q0040/r04q0040.html,R04Q0040,2019-03-04,"2019-03-04
"
250,250,250,https://tsb.gc.ca/eng/rapports-reports/rail/2004/r04q0047/r04q0047.html,R04Q0047,2019-03-04,"2019-03-04
"
251,251,251,https://tsb.gc.ca/eng/rapports-reports/rail/2004/r04s0001/r04s0001.html,R04S0001,2019-03-04,"2019-03-04
"
252,252,252,https://tsb.gc.ca/eng/rapports-reports/rail/2004/r04t0008/r04t0008.html,R04T0008,2019-03-04,"2019-03-04
"
253,253,253,https://tsb.gc.ca/eng/rapports-reports/rail/2004/r04t0013/r04t0013.html,R04T0013,2019-03-04,"2019-03-04
"
254,254,254,https://tsb.gc.ca/eng/rapports-reports/rail/2004/r04t0161/r04t0161.html,R04T0161,2019-03-04,"2019-03-04
"
255,255,255,https://tsb.gc.ca/eng/rapports-reports/rail/2004/r04v0100/r04v0100.html,R04V0100,2019-03-04,"2019-03-04
"
256,256,256,https://tsb.gc.ca/eng/rapports-reports/rail/2004/r04v0173/r04v0173.html,R04V0173,2019-03-04,"2019-03-04
"
257,257,257,https://tsb.gc.ca/eng/rapports-reports/rail/2004/r04w0035/r04w0035.html,R04W0035,2019-05-06,"2019-05-06
"
258,258,258,https://tsb.gc.ca/eng/rapports-reports/rail/2004/r04w0148/r04w0148.html,R04W0148,2019-03-04,"2019-03-04
"
259,259,259,https://tsb.gc.ca/eng/rapports-reports/rail/2005/r05c0049/r05c0049.html,R05C0049,2019-03-05,"2019-03-05
"
260,260,260,https://tsb.gc.ca/eng/rapports-reports/rail/2005/r05c0082/r05c0082.html,R05C0082,2019-03-05,"2019-03-05
"
261,261,261,https://tsb.gc.ca/eng/rapports-reports/rail/2005/r05c0116/r05c0116.html,R05C0116,2019-03-05,"2019-03-05
"
262,262,262,https://tsb.gc.ca/eng/rapports-reports/rail/2005/r05e0008/r05e0008.html,R05E0008,2019-03-05,"2019-03-05
"
263,263,263,https://tsb.gc.ca/eng/rapports-reports/rail/2005/r05e0059/r05e0059.html,R05E0059,2019-04-24,"2019-04-24
"
264,264,264,https://tsb.gc.ca/eng/rapports-reports/rail/2005/r05h0011/r05h0011.html,R05H0011,2019-04-26,"2019-04-26
"
265,265,265,https://tsb.gc.ca/eng/rapports-reports/rail/2005/r05h0013/r05h0013.html,R05H0013,2019-03-05,"2019-03-05
"
266,266,266,https://tsb.gc.ca/eng/rapports-reports/rail/2005/r05q0010/r05q0010.html,R05Q0010,2019-08-22,"2019-08-22
"
267,267,267,https://tsb.gc.ca/eng/rapports-reports/rail/2005/r05q0033/r05q0033.html,R05Q0033,2019-03-05,"2019-03-05
"
268,268,268,https://tsb.gc.ca/eng/rapports-reports/rail/2005/r05q0040/r05q0040.html,R05Q0040,2020-06-10,"2020-06-10
"
269,269,269,https://tsb.gc.ca/eng/rapports-reports/rail/2005/r05t0030/r05t0030.html,R05T0030,2019-03-05,"2019-03-05
"
270,270,270,https://tsb.gc.ca/eng/rapports-reports/rail/2005/r05v0141/r05v0141.html,R05V0141,2019-03-05,"2019-03-05
"
271,271,271,https://tsb.gc.ca/eng/rapports-reports/rail/2005/r05w0014/r05w0014.html,R05W0014,2019-11-08,"2019-11-08
"
272,272,272,https://tsb.gc.ca/eng/rapports-reports/rail/2006/r06c0104/r06c0104.html,R06C0104,2019-08-22,"2019-08-22
"
273,273,273,https://tsb.gc.ca/eng/rapports-reports/rail/2006/r06d0044/r06d0044.html,R06D0044,2020-09-16,"2020-09-16
"
274,274,274,https://tsb.gc.ca/eng/rapports-reports/rail/2006/r06h0013/r06h0013.html,R06H0013,2020-08-19,"2020-08-19
"
275,275,275,https://tsb.gc.ca/eng/rapports-reports/rail/2006/r06q0046/r06q0046.html,R06Q0046,2019-03-06,"2019-03-06
"
276,276,276,https://tsb.gc.ca/eng/rapports-reports/rail/2006/r06q0054/r06q0054.html,R06Q0054,2020-07-22,"2020-07-22
"
277,277,277,https://tsb.gc.ca/eng/rapports-reports/rail/2006/r06q0096/r06q0096.html,R06Q0096,2019-08-25,"2019-08-25
"
278,278,278,https://tsb.gc.ca/eng/rapports-reports/rail/2006/r06t0022/r06t0022.html,R06T0022,2021-01-26,"2021-01-26
"
279,279,279,https://tsb.gc.ca/eng/rapports-reports/rail/2006/r06t0153/r06t0153.html,R06T0153,2019-03-06,"2019-03-06
"
280,280,280,https://tsb.gc.ca/eng/rapports-reports/rail/2006/R06T0281/r06t0281.html,R06T0281,2019-03-06,"2019-03-06
"
281,281,281,https://tsb.gc.ca/eng/rapports-reports/rail/2006/r06v0111/r06v0111.html,R06V0111,2019-03-06,"2019-03-06
"
282,282,282,https://tsb.gc.ca/eng/rapports-reports/rail/2006/r06v0119/r06v0119.html,R06V0119,2019-09-24,"2019-09-24
"
283,283,283,https://tsb.gc.ca/eng/rapports-reports/rail/2006/r06v0136/r06v0136.html,R06V0136,2019-03-06,"2019-03-06
"
284,284,284,https://tsb.gc.ca/eng/rapports-reports/rail/2006/r06v0183/r06v0183.html,R06V0183,2019-07-23,"2019-07-23
"
285,285,285,https://tsb.gc.ca/eng/rapports-reports/rail/2006/r06w0079/r06w0079.html,R06W0079,2019-08-22,"2019-08-22
"
286,286,286,https://tsb.gc.ca/eng/rapports-reports/rail/2007/r07c0040/r07c0040.html,R07C0040,2019-05-22,"2019-05-22
"
287,287,287,https://tsb.gc.ca/eng/rapports-reports/rail/2007/r07d0009/r07d0009.html,R07D0009,2019-03-06,"2019-03-06
"
288,288,288,https://tsb.gc.ca/eng/rapports-reports/rail/2007/r07d0030/r07d0030.html,R07D0030,2020-04-23,"2020-04-23
"
289,289,289,https://tsb.gc.ca/eng/rapports-reports/rail/2007/r07d0111/r07d0111.html,R07D0111,2021-07-09,"2021-07-09
"
290,290,290,https://tsb.gc.ca/eng/rapports-reports/rail/2007/r07e0129/r07e0129.html,R07E0129,2024-09-23,"2024-09-23
"
291,291,291,https://tsb.gc.ca/eng/rapports-reports/rail/2007/r07h0015/r07h0015.html,R07H0015,2021-03-16,"2021-03-16
"
292,292,292,https://tsb.gc.ca/eng/rapports-reports/rail/2007/r07m0017/r07m0017.html,R07M0017,2020-08-21,"2020-08-21
"
293,293,293,https://tsb.gc.ca/eng/rapports-reports/rail/2007/r07q0001/r07q0001.html,R07Q0001,2020-12-08,"2020-12-08
"
294,294,294,https://tsb.gc.ca/eng/rapports-reports/rail/2007/r07t0110/r07t0110.html,R07T0110,2020-04-02,"2020-04-02
"
295,295,295,https://tsb.gc.ca/eng/rapports-reports/rail/2007/r07t0240/r07t0240.html,R07T0240,2019-11-08,"2019-11-08
"
296,296,296,https://tsb.gc.ca/eng/rapports-reports/rail/2007/r07t0270/r07t0270.html,R07T0270,2020-06-29,"2020-06-29
"
297,297,297,https://tsb.gc.ca/eng/rapports-reports/rail/2007/r07t0323/r07t0323.html,R07T0323,2021-08-16,"2021-08-16
"
298,298,298,https://tsb.gc.ca/eng/rapports-reports/rail/2007/r07v0109/r07v0109.html,R07V0109,2021-03-31,"2021-03-31
"
299,299,299,https://tsb.gc.ca/eng/rapports-reports/rail/2007/r07v0213/r07v0213.html,R07V0213,2020-04-08,"2020-04-08
"
300,300,300,https://tsb.gc.ca/eng/rapports-reports/rail/2007/r07w0042/r07w0042.html,R07W0042,2020-07-10,"2020-07-10
"
301,301,301,https://tsb.gc.ca/eng/rapports-reports/rail/2008/r08c0164/r08c0164.html,R08C0164,2020-09-30,"2020-09-30
"
302,302,302,https://tsb.gc.ca/eng/rapports-reports/rail/2008/r08e0150/r08e0150.html,R08E0150,2020-02-07,"2020-02-07
"
303,303,303,https://tsb.gc.ca/eng/rapports-reports/rail/2008/r08m0002/r08m0002.html,R08M0002,2020-02-11,"2020-02-11
"
304,304,304,https://tsb.gc.ca/eng/rapports-reports/rail/2008/r08m0015/r08m0015.html,R08M0015,2023-12-18,"2023-12-18
"
305,305,305,https://tsb.gc.ca/eng/rapports-reports/rail/2008/r08m0063/r08m0063.html,R08M0063,2025-01-24,"2025-01-24
"
306,306,306,https://tsb.gc.ca/eng/rapports-reports/rail/2008/r08q0028/r08q0028.html,R08Q0028,2023-02-09,"2023-02-09
"
307,307,307,https://tsb.gc.ca/eng/rapports-reports/rail/2008/r08t0029/r08t0029.html,R08T0029,2023-07-19,"2023-07-19
"
308,308,308,https://tsb.gc.ca/eng/rapports-reports/rail/2008/r08t0158/r08t0158.html,R08T0158,2022-08-24,"2022-08-24
"
309,309,309,https://tsb.gc.ca/eng/rapports-reports/rail/2008/r08v0270/r08v0270.html,R08V0270,2020-06-04,"2020-06-04
"
310,310,310,https://tsb.gc.ca/eng/rapports-reports/rail/2008/r08w0058/r08w0058.html,R08W0058,2020-12-08,"2020-12-08
"
311,311,311,https://tsb.gc.ca/eng/rapports-reports/rail/2008/r08w0181/r08w0181.html,R08W0181,2020-01-07,"2020-01-07
"
312,312,312,https://tsb.gc.ca/eng/rapports-reports/rail/2008/r08w0219/r08w0219.html,R08W0219,2023-10-05,"2023-10-05
"
313,313,313,https://tsb.gc.ca/eng/rapports-reports/rail/2009/r09d0012/r09d0012.html,R09D0012,2020-08-13,"2020-08-13
"
314,314,314,https://tsb.gc.ca/eng/rapports-reports/rail/2009/r09d0053/r09d0053.html,R09D0053,2021-03-01,"2021-03-01
"
315,315,315,https://tsb.gc.ca/eng/rapports-reports/rail/2009/r09h0006/r09h0006.html,R09H0006,2021-10-26,"2021-10-26
"
316,316,316,https://tsb.gc.ca/eng/rapports-reports/rail/2009/r09h0010/r09h0010.html,R09H0010,2025-08-21,"2025-08-21
"
317,317,317,https://tsb.gc.ca/eng/rapports-reports/rail/2009/r09q0030/r09q0030.html,R09Q0030,2024-09-18,"2024-09-18
"
318,318,318,https://tsb.gc.ca/eng/rapports-reports/rail/2009/r09q0047/r09q0047.html,R09Q0047,2022-12-13,"2022-12-13
"
319,319,319,https://tsb.gc.ca/eng/rapports-reports/rail/2009/r09t0057/r09t0057.html,R09T0057,2020-11-04,"2020-11-04
"
320,320,320,https://tsb.gc.ca/eng/rapports-reports/rail/2009/r09t0092/r09t0092.html,R09T0092,2024-02-27,"2024-02-27
"
321,321,321,https://tsb.gc.ca/eng/rapports-reports/rail/2009/r09t0151/r09t0151.html,R09T0151,2021-11-23,"2021-11-23
"
322,322,322,https://tsb.gc.ca/eng/rapports-reports/rail/2009/r09v0219/r09v0219.html,R09V0219,2024-06-07,"2024-06-07
"
323,323,323,https://tsb.gc.ca/eng/rapports-reports/rail/2009/r09v0230/r09v0230.html,R09V0230,2020-07-28,"2020-07-28
"
324,324,324,https://tsb.gc.ca/eng/rapports-reports/rail/2009/r09v0235/r09v0235.html,R09V0235,2023-03-21,"2023-03-21
"
325,325,325,https://tsb.gc.ca/eng/rapports-reports/rail/2009/r09w0016/r09w0016.html,R09W0016,2022-12-15,"2022-12-15
"
326,326,326,https://tsb.gc.ca/eng/rapports-reports/rail/2009/r09w0033/r09w0033.html,R09W0033,2021-12-13,"2021-12-13
"
327,327,327,https://tsb.gc.ca/eng/rapports-reports/rail/2009/r09w0118/r09w0118.html,R09W0118,2022-04-06,"2022-04-06
"
328,328,328,https://tsb.gc.ca/eng/rapports-reports/rail/2009/r09w0252/r09w0252.html,R09W0252,2021-09-27,"2021-09-27
"
329,329,329,https://tsb.gc.ca/eng/rapports-reports/rail/2009/r09w0259/r09w0259.html,R09W0259,2024-07-26,"2024-07-26
"
330,330,330,https://tsb.gc.ca/eng/rapports-reports/rail/2010/r10c0016/r10c0016.html,R10C0016,2021-10-06,"2021-10-06
"
331,331,331,https://tsb.gc.ca/eng/rapports-reports/rail/2010/r10c0086/r10c0086.html,R10C0086,2022-02-01,"2022-02-01
"
332,332,332,https://tsb.gc.ca/eng/rapports-reports/rail/2010/r10d0077/r10d0077.html,R10D0077,2023-01-05,"2023-01-05
"
333,333,333,https://tsb.gc.ca/eng/rapports-reports/rail/2010/r10d0088/r10d0088.html,R10D0088,2024-03-26,"2024-03-26
"
334,334,334,https://tsb.gc.ca/eng/rapports-reports/rail/2010/r10e0056/r10e0056.html,R10E0056,2021-07-15,"2021-07-15
"
335,335,335,https://tsb.gc.ca/eng/rapports-reports/rail/2010/r10e0080/r10e0080.html,R10E0080,2022-03-21,"2022-03-21
"
336,336,336,https://tsb.gc.ca/eng/rapports-reports/rail/2010/r10e0096/r10e0096.html,R10E0096,2024-09-11,"2024-09-11
"
337,337,337,https://tsb.gc.ca/eng/rapports-reports/rail/2010/r10m0026/r10m0026.html,R10M0026,2023-08-24,"2023-08-24
"
338,338,338,https://tsb.gc.ca/eng/rapports-reports/rail/2010/r10q0011/r10q0011.html,R10Q0011,2025-01-22,"2025-01-22
"
339,339,339,https://tsb.gc.ca/eng/rapports-reports/rail/2010/r10q0037/r10q0037.html,R10Q0037,2024-02-08,"2024-02-08
"
340,340,340,https://tsb.gc.ca/eng/rapports-reports/rail/2010/r10t0020/r10t0020.html,R10T0020,2023-01-04,"2023-01-04
"
341,341,341,https://tsb.gc.ca/eng/rapports-reports/rail/2010/r10t0035/r10t0035.html,R10T0035,2024-05-16,"2024-05-16
"
342,342,342,https://tsb.gc.ca/eng/rapports-reports/rail/2010/r10t0056/r10t0056.html,R10T0056,2024-10-17,"2024-10-17
"
343,343,343,https://tsb.gc.ca/eng/rapports-reports/rail/2010/r10t0213/r10t0213.html,R10T0213,2024-05-14,"2024-05-14
"
344,344,344,https://tsb.gc.ca/eng/rapports-reports/rail/2010/r10v0038/r10v0038.html,R10V0038,2025-09-16,"2025-09-16
"
345,345,345,https://tsb.gc.ca/eng/rapports-reports/rail/2010/r10w0123/r10w0123.html,R10W0123,2025-06-16,"2025-06-16
"
346,346,346,https://tsb.gc.ca/eng/rapports-reports/rail/2011/r11c0118/r11c0118.html,R11C0118,2025-09-11,"2025-09-11
"
347,347,347,https://tsb.gc.ca/eng/rapports-reports/rail/2011/r11d0075/r11d0075.html,R11D0075,2024-10-16,"2024-10-16
"
348,348,348,https://tsb.gc.ca/eng/rapports-reports/rail/2011/r11d0099/r11d0099.html,R11D0099,2024-12-17,"2024-12-17
"
349,349,349,https://tsb.gc.ca/eng/rapports-reports/rail/2011/r11e0063/r11e0063.html,R11E0063,2024-05-09,"2024-05-09
"
350,350,350,https://tsb.gc.ca/eng/rapports-reports/rail/2011/r11q0050/r11q0050.html,R11Q0050,2026-04-30,"2026-04-30
"
351,351,351,https://tsb.gc.ca/eng/rapports-reports/rail/2011/r11q0056/r11q0056.html,R11Q0056,2026-02-24,"2026-02-24
"
352,352,352,https://tsb.gc.ca/eng/rapports-reports/rail/2011/r11t0016/r11t0016.html,R11T0016,2026-03-11,"2026-03-11
"
353,353,353,https://tsb.gc.ca/eng/rapports-reports/rail/2011/r11t0034/r11t0034.html,R11T0034,2025-03-31,"2025-03-31
"
354,354,354,https://tsb.gc.ca/eng/rapports-reports/rail/2011/r11t0113/r11t0113.html,R11T0113,2024-11-22,"2024-11-22
"
355,355,355,https://tsb.gc.ca/eng/rapports-reports/rail/2011/r11t0161/r11t0161.html,R11T0161,2026-01-27,"2026-01-27
"
356,356,356,https://tsb.gc.ca/eng/rapports-reports/rail/2011/r11t0162/r11t0162.html,R11T0162,2025-08-21,"2025-08-21
"
357,357,357,https://tsb.gc.ca/eng/rapports-reports/rail/2011/r11t0175/r11t0175.html,R11T0175,2026-03-31,"2026-03-31
"
358,358,358,https://tsb.gc.ca/eng/rapports-reports/rail/2011/r11v0039/r11v0039.html,R11V0039,2026-06-03,"2026-06-03
"
359,359,359,https://tsb.gc.ca/eng/rapports-reports/rail/2011/r11v0057/r11v0057.html,R11V0057,2025-07-29,"2025-07-29
"
360,360,360,https://tsb.gc.ca/eng/rapports-reports/rail/2011/r11v0254/r11v0254.html,R11V0254,2025-10-31,"2025-10-31
"
361,361,361,https://tsb.gc.ca/eng/rapports-reports/rail/2011/r11v0257/r11v0257.html,R11V0257,2026-04-10,"2026-04-10
"
362,362,362,https://tsb.gc.ca/eng/rapports-reports/rail/2011/r11w0247/r11w0247.html,R11W0247,2026-04-22,"2026-04-22
"
363,363,363,https://tsb.gc.ca/eng/rapports-reports/rail/2012/R12C0051/r12c0051.html,R12C0051,2025-07-28,"2025-07-28
"
364,364,364,https://tsb.gc.ca/eng/rapports-reports/rail/2012/R12D0063/r12d0063.html,R12D0063,2026-07-22,"2026-07-22
"
365,365,365,https://tsb.gc.ca/eng/rapports-reports/rail/2012/r12e0004/r12e0004.html,R12E0004,2025-09-18,"2025-09-18
"
366,366,366,https://tsb.gc.ca/eng/rapports-reports/rail/2012/r12e0008/r12e0008.html,R12E0008,2026-03-09,"2026-03-09
"
367,367,367,https://tsb.gc.ca/eng/enquetes-investigations/rail/2012/r12e0182/r12e0182.html,R12E0182,2026-07-16,"2026-07-16
"
368,368,368,https://tsb.gc.ca/eng/rapports-reports/rail/2012/R12Q0030/r12q0030.html,R12Q0030,2025-12-05,"2025-12-05
"
369,369,369,https://tsb.gc.ca/eng/enquetes-investigations/rail/2012/r12t0038/r12t0038.html,R12T0038,2026-04-22,"2026-04-22
"
370,370,370,https://tsb.gc.ca/eng/enquetes-investigations/rail/2012/r12t0217/r12t0217.html,R12T0217,2025-04-25,"2025-04-25
"
371,371,371,https://tsb.gc.ca/eng/rapports-reports/rail/2012/r12v0008/r12v0008.html,R12V0008,2026-02-03,"2026-02-03
"
372,372,372,https://tsb.gc.ca/eng/rapports-reports/rail/2012/R12W0165/r12w0165.html,R12W0165,2026-03-11,"2026-03-11
"
373,373,373,https://tsb.gc.ca/eng/rapports-reports/rail/2012/r12w0182/r12w0182.html,R12W0182,2026-07-16,"2026-07-16
"
374,374,374,https://tsb.gc.ca/eng/enquetes-investigations/rail/2013/r13c0008/r13c0008.html,R13C0008,2026-07-16,"2026-07-16
"
375,375,375,https://tsb.gc.ca/eng/enquetes-investigations/rail/2013/r13c0049/r13c0049.html,R13C0049,2026-06-11,"2026-06-11
"
376,376,376,https://tsb.gc.ca/eng/enquetes-investigations/rail/2013/R13C0069/R13C0069.html,R13C0069,2026-02-13,"2026-02-13
"
377,377,377,https://tsb.gc.ca/eng/enquetes-investigations/rail/2013/r13c0087/r13c0087.html,R13C0087,2025-06-11,"2025-06-11
"
378,378,378,https://tsb.gc.ca/eng/enquetes-investigations/rail/2013/r13d0001/r13d0001.html,R13D0001,2016-02-03,"2016-02-03
"
379,379,379,https://tsb.gc.ca/eng/enquetes-investigations/rail/2013/R13D0054/r13d0054.html,R13D0054,2016-02-03,"2016-02-03
"
380,380,380,https://tsb.gc.ca/eng/rapports-reports/rail/2013/r13d0077/r13d0077.html,R13D0077,2016-02-03,"2016-02-03
"
381,381,381,https://tsb.gc.ca/eng/enquetes-investigations/rail/2013/r13e0015/r13e0015.html,R13E0015,2016-02-03,"2016-02-03
"
382,382,382,https://tsb.gc.ca/eng/enquetes-investigations/rail/2013/r13e0069/r13e0069.html,R13E0069,2016-02-03,"2016-02-03
"
383,383,383,https://tsb.gc.ca/eng/enquetes-investigations/rail/2013/r13e0142/r13e0142.html,R13E0142,2016-02-03,"2016-02-03
"
384,384,384,https://tsb.gc.ca/eng/enquetes-investigations/rail/2013/r13q0001/r13q0001.html,R13Q0001,2016-02-03,"2016-02-03
"
385,385,385,https://tsb.gc.ca/eng/enquetes-investigations/rail/2013/r13q0012/r13q0012.html,R13Q0012,2016-02-03,"2016-02-03
"
386,386,386,https://tsb.gc.ca/eng/enquetes-investigations/rail/2013/r13t0060/r13t0060.html,R13T0060,2016-02-03,"2016-02-03
"
387,387,387,https://tsb.gc.ca/eng/enquetes-investigations/rail/2013/r13t0122/r13t0122.html,R13T0122,2016-02-03,"2016-02-03
"
388,388,388,https://tsb.gc.ca/eng/enquetes-investigations/rail/2013/r13t0192/r13t0192.html,R13T0192,2016-02-03,"2016-02-03
"
389,389,389,https://tsb.gc.ca/eng/rapports-reports/rail/2013/r13W0083/r13w0083.html,R13W0083,2016-02-03,"2016-02-03
"
390,390,390,https://tsb.gc.ca/eng/enquetes-investigations/rail/2013/r13w0124/r13w0124.html,R13W0124,2016-02-03,"2016-02-03
"
391,391,391,https://tsb.gc.ca/eng/enquetes-investigations/rail/2013/r13w0257/r13w0257.html,R13W0257,2016-02-03,"2016-02-03
"
392,392,392,https://tsb.gc.ca/eng/enquetes-investigations/rail/2013/r13w0260/r13w0260.html,R13W0260,2016-02-03,"2016-02-03
"
393,393,393,https://tsb.gc.ca/eng/enquetes-investigations/rail/2014/r14c0114/r14c0114.html,R14C0114,2016-02-03,"2016-02-03
"
394,394,394,https://tsb.gc.ca/eng/enquetes-investigations/rail/2014/r14c0142/r14c0142.html,R14C0142,2025-06-05,"2025-06-05
"
395,395,395,https://tsb.gc.ca/eng/enquetes-investigations/rail/2014/r14d0011/r14d0011.html,R14D0011,2016-02-03,"2016-02-03
"
396,396,396,https://tsb.gc.ca/eng/enquetes-investigations/rail/2014/r14e0081/r14e0081.html,R14E0081,2016-02-03,"2016-02-03
"
397,397,397,https://tsb.gc.ca/eng/enquetes-investigations/rail/2014/r14m0002/r14m0002.html,R14M0002,2016-02-03,"2016-02-03
"
398,398,398,https://tsb.gc.ca/eng/enquetes-investigations/rail/2014/r14q0045/r14q0045.html,R14Q0045,2025-09-17,"2025-09-17
"
399,399,399,https://tsb.gc.ca/eng/enquetes-investigations/rail/2014/r14q0047/r14q0047.html,R14Q0047,2016-02-11,"2016-02-11
"
400,400,400,https://tsb.gc.ca/eng/enquetes-investigations/rail/2014/r14t0160/r14t0160.html,R14T0160,2016-03-17,"2016-03-17
"
401,401,401,https://tsb.gc.ca/eng/enquetes-investigations/rail/2014/r14t0180/r14t0180.html,R14T0180,2016-03-17,"2016-03-17
"
402,402,402,https://tsb.gc.ca/eng/enquetes-investigations/rail/2014/r14t0294/r14t0294.html,R14T0294,2016-03-17,"2016-03-17
"
403,403,403,https://tsb.gc.ca/eng/enquetes-investigations/rail/2014/r14v0215/r14v0215.html,R14V0215,2025-06-11,"2025-06-11
"
404,404,404,https://tsb.gc.ca/eng/enquetes-investigations/rail/2014/r14w0041/r14w0041.html,R14W0041,2018-02-23,"2018-02-23
"
405,405,405,https://tsb.gc.ca/eng/enquetes-investigations/rail/2014/R14W0137/r14w0137.html,R14W0137,2018-02-23,"2018-02-23
"
406,406,406,https://tsb.gc.ca/eng/enquetes-investigations/rail/2014/r14w0256/r14w0256.html,R14W0256,2018-02-23,"2018-02-23
"
407,407,407,https://tsb.gc.ca/eng/enquetes-investigations/rail/2015/r15d0073/r15d0073.html,R15D0073,2018-02-23,"2018-02-23
"
408,408,408,https://tsb.gc.ca/eng/enquetes-investigations/rail/2015/r15d0103/r15d0103.html,R15D0103,2018-02-23,"2018-02-23
"
409,409,409,https://tsb.gc.ca/eng/enquetes-investigations/rail/2015/r15d0118/r15d0118.html,R15D0118,2018-02-26,"2018-02-26
"
410,410,410,https://tsb.gc.ca/eng/enquetes-investigations/rail/2015/r15e0173/r15e0173.html,R15E0173,2018-02-26,"2018-02-26
"
411,411,411,https://tsb.gc.ca/eng/enquetes-investigations/rail/2015/r15h0005/r15h0005.html,R15H0005,2018-02-26,"2018-02-26
"
412,412,412,https://tsb.gc.ca/eng/enquetes-investigations/rail/2015/r15h0013/r15h0013.html,R15H0013,2018-02-26,"2018-02-26
"
413,413,413,https://tsb.gc.ca/eng/enquetes-investigations/rail/2015/r15h0021/r15h0021.html,R15H0021,2018-02-26,"2018-02-26
"
414,414,414,https://tsb.gc.ca/eng/enquetes-investigations/rail/2015/r15h0092/r15h0092.html,R15H0092,2018-02-26,"2018-02-26
"
415,415,415,https://tsb.gc.ca/eng/enquetes-investigations/rail/2015/r15m0034/r15m0034.html,R15M0034,2018-02-26,"2018-02-26
"
416,416,416,https://tsb.gc.ca/eng/enquetes-investigations/rail/2015/r15t0173/r15t0173.html,R15T0173,2015-10-22,"2015-10-22
"
417,417,417,https://tsb.gc.ca/eng/enquetes-investigations/rail/2015/r15t0245/r15t0245.html,R15T0245,2018-02-26,"2018-02-26
"
418,418,418,https://tsb.gc.ca/eng/enquetes-investigations/rail/2015/r15v0003/r15v0003.html,R15V0003,2015-10-22,"2015-10-22
"
419,419,419,https://tsb.gc.ca/eng/enquetes-investigations/rail/2015/r15v0046/r15v0046.html,R15V0046,2018-03-05,"2018-03-05
"
420,420,420,https://tsb.gc.ca/eng/enquetes-investigations/rail/2015/r15v0183/r15v0183.html,R15V0183,2018-03-05,"2018-03-05
"
421,421,421,https://tsb.gc.ca/eng/enquetes-investigations/rail/2015/r15v0191/r15v0191.html,R15V0191,2018-03-05,"2018-03-05
"
422,422,422,https://tsb.gc.ca/eng/enquetes-investigations/rail/2016/r16c0012/r16c0012.html,R16C0012,2018-03-05,"2018-03-05
"
423,423,423,https://tsb.gc.ca/eng/enquetes-investigations/rail/2016/r16c0065/r16c0065.html,R16C0065,2018-02-26,"2018-02-26
"
424,424,424,https://tsb.gc.ca/eng/enquetes-investigations/rail/2016/r16d0073/r16d0073.html,R16D0073,2018-03-05,"2018-03-05
"
425,425,425,https://tsb.gc.ca/eng/enquetes-investigations/rail/2016/r16d0076/r16d0076.html,R16D0076,2018-03-05,"2018-03-05
"
426,426,426,https://tsb.gc.ca/eng/enquetes-investigations/rail/2016/r16d0092/r16d0092.html,R16D0092,2018-03-05,"2018-03-05
"
427,427,427,https://tsb.gc.ca/eng/enquetes-investigations/rail/2016/r16e0051/r16e0051.html,R16E0051,2018-02-14,"2018-02-14
"
428,428,428,https://tsb.gc.ca/eng/enquetes-investigations/rail/2016/r16e0102/r16e0102.html,R16E0102,2019-11-29,"2019-11-29
"
429,429,429,https://tsb.gc.ca/eng/enquetes-investigations/rail/2016/r16h0002/r16h0002.html,R16H0002,2018-02-14,"2018-02-14
"
430,430,430,https://tsb.gc.ca/eng/enquetes-investigations/rail/2016/r16h0024/r16h0024.html,R16H0024,2018-02-15,"2018-02-15
"
431,431,431,https://tsb.gc.ca/eng/enquetes-investigations/rail/2016/r16m0026/r16m0026.html,R16M0026,2018-02-15,"2018-02-15
"
432,432,432,https://tsb.gc.ca/eng/enquetes-investigations/rail/2016/r16t0111/r16t0111.html,R16T0111,2018-02-15,"2018-02-15
"
433,433,433,https://tsb.gc.ca/eng/enquetes-investigations/rail/2016/r16t0162/r16t0162.html,R16T0162,2018-02-15,"2018-02-15
"
434,434,434,https://tsb.gc.ca/eng/enquetes-investigations/rail/2016/r16v0195/r16v0195.html,R16V0195,2015-10-22,"2015-10-22
"
435,435,435,https://tsb.gc.ca/eng/enquetes-investigations/rail/2016/r16w0004/r16w0004.html,R16W0004,2018-02-15,"2018-02-15
"
436,436,436,https://tsb.gc.ca/eng/enquetes-investigations/rail/2016/r16w0059/r16w0059.html,R16W0059,2019-09-10,"2019-09-10
"
437,437,437,https://tsb.gc.ca/eng/enquetes-investigations/rail/2016/r16w0074/r16w0074.html,R16W0074,2018-02-15,"2018-02-15
"
438,438,438,https://tsb.gc.ca/eng/enquetes-investigations/rail/2016/r16w0242/r16w0242.html,R16W0242,2018-02-15,"2018-02-15
"
439,439,439,https://tsb.gc.ca/eng/enquetes-investigations/rail/2017/r17d0123/r17d0123.html,R17D0123,2018-02-15,"2018-02-15
"
440,440,440,https://tsb.gc.ca/eng/enquetes-investigations/rail/2017/r17c0074/r17c0074.html,R17C0074,2018-02-15,"2018-02-15
"
441,441,441,https://tsb.gc.ca/eng/enquetes-investigations/rail/2017/r17h0015/r17h0015.html,R17H0015,2018-02-15,"2018-02-15
"
442,442,442,https://tsb.gc.ca/eng/enquetes-investigations/rail/2017/r17q0061/r17q0061.html,R17Q0061,2015-10-22,"2015-10-22
"
443,443,443,https://tsb.gc.ca/eng/enquetes-investigations/rail/2017/r17q0088/r17q0088.html,R17Q0088,2018-02-16,"2018-02-16
"
444,444,444,https://tsb.gc.ca/eng/enquetes-investigations/rail/2017/r17t0164/r17t0164.html,R17T0164,2018-02-16,"2018-02-16
"
445,445,445,https://tsb.gc.ca/eng/enquetes-investigations/rail/2017/r17t0170/r17t0170.html,R17T0170,2018-02-16,"2018-02-16
"
446,446,446,https://tsb.gc.ca/eng/enquetes-investigations/rail/2017/r17v0220/r17v0220.html,R17V0220,2018-02-16,"2018-02-16
"
447,447,447,https://tsb.gc.ca/eng/enquetes-investigations/rail/2017/r17v0096/r17v0096.html,R17V0096,2019-07-03,"2019-07-03
"
448,448,448,https://tsb.gc.ca/eng/enquetes-investigations/rail/2017/r17w0175/r17w0175.html,R17W0175,2018-02-16,"2018-02-16
"
449,449,449,https://tsb.gc.ca/eng/enquetes-investigations/rail/2017/r17w0190/r17w0190.html,R17W0190,2018-02-16,"2018-02-16
"
450,450,450,https://tsb.gc.ca/eng/enquetes-investigations/rail/2017/r17w0199/r17w0199.html,R17W0199,2018-02-16,"2018-02-16
"
451,451,451,https://tsb.gc.ca/eng/enquetes-investigations/rail/2018/r18c0076/r18c0076.html,R18C0076,2018-02-16,"2018-02-16
"
452,452,452,https://tsb.gc.ca/eng/enquetes-investigations/rail/2018/r18d0020/r18d0020.html,R18D0020,2018-02-16,"2018-02-16
"
453,453,453,https://tsb.gc.ca/eng/enquetes-investigations/rail/2018/r18d0067/r18d0067.html,R18D0067,2018-02-16,"2018-02-16
"
454,454,454,https://tsb.gc.ca/eng/enquetes-investigations/rail/2018/r18t0032/r18t0032.html,R18T0032,2018-02-19,"2018-02-19
"
455,455,455,https://tsb.gc.ca/eng/enquetes-investigations/rail/2018/r18w0133/r18w0133.html,R18W0133,2018-02-19,"2018-02-19
"
456,456,456,https://tsb.gc.ca/eng/enquetes-investigations/rail/2018/r18v0016/r18v0016.html,R18V0016,2018-02-19,"2018-02-19
"
457,457,457,https://tsb.gc.ca/eng/rapports-reports/rail/etudes-studies/siiR0501/siir0501.html,SIIR05-01,2018-02-21,"2018-02-21
"
458,458,458,https://tsb.gc.ca/eng/rapports-reports/rail/etudes-studies/sr9401/sr9401.html,SR9401,2018-02-21,"2018-02-21
"
459,459,459,https://tsb.gc.ca/eng/enquetes-investigations/rail/2018/r18w0168/r18w0168.html,R18W0168,2018-02-21,"2018-02-21
"
460,460,460,https://tsb.gc.ca/eng/enquetes-investigations/rail/2024/r24t0064/r24t0064.html,R24T0064,2018-02-21,"2018-02-21
"
461,461,461,https://tsb.gc.ca/eng/enquetes-investigations/rail/2024/r24d0070/r24d0070.html,R24D0070,2018-02-21,"2018-02-21
"
462,462,462,https://tsb.gc.ca/eng/enquetes-investigations/rail/2024/r24c0147/r24c0147.html,R24C0147,2019-06-03,"2019-06-03
"
463,463,463,https://tsb.gc.ca/eng/enquetes-investigations/rail/2024/r24q0089/r24q0089.html,R24Q0089,2018-02-21,"2018-02-21
"
464,464,464,https://tsb.gc.ca/eng/enquetes-investigations/rail/2024/r24d0080/r24d0080.html,R24D0080,2018-02-21,"2018-02-21
"
465,465,465,https://tsb.gc.ca/eng/enquetes-investigations/rail/2025/r25w0010/r25w0010.html,R25W0010,2018-02-21,"2018-02-21
"
466,466,466,https://tsb.gc.ca/eng/enquetes-investigations/rail/2025/r25t0038/r25t0038.html,R25T0038,2018-02-22,"2018-02-22
"
467,467,467,https://tsb.gc.ca/eng/enquetes-investigations/rail/2025/r25e0051/r25e0051.html,R25E0051,2018-02-22,"2018-02-22
"
468,468,468,https://tsb.gc.ca/eng/enquetes-investigations/rail/2025/r25w0047/r25w0047.html,R25W0047,2018-02-22,"2018-02-22
"
469,469,469,https://tsb.gc.ca/eng/enquetes-investigations/rail/2025/r25t0177/r25t0177.html,R25T0177,2018-02-22,"2018-02-22
"
470,470,470,https://tsb.gc.ca/eng/enquetes-investigations/rail/2025/r25c0088/r25c0088.html,R25C0088,2018-02-23,"2018-02-23
"
471,471,471,https://tsb.gc.ca/eng/enquetes-investigations/rail/2025/r25t0189/r25t0189.html,R25T0189,2018-02-22,"2018-02-22
"
472,472,472,https://tsb.gc.ca/eng/enquetes-investigations/rail/2025/r25t0241/r25t0241.html,R25T0241,2018-02-22,"2018-02-22
"
473,473,473,https://tsb.gc.ca/eng/enquetes-investigations/rail/2025/r25q0097/r25q0097.html,R25Q0097,2018-02-23,"2018-02-23
"
474,474,474,https://tsb.gc.ca/eng/enquetes-investigations/rail/2026/r26q0001/r26q0001.html,R26Q0001,2018-02-23,"2018-02-23
"
475,475,475,https://tsb.gc.ca/eng/enquetes-investigations/rail/2026/r26v0009/r26v0009.html,R26V0009,2018-02-23,"2018-02-23
"
476,476,476,https://tsb.gc.ca/eng/enquetes-investigations/rail/2026/r26c0011/r26c0011.html,R26C0011,2018-02-23,"2018-02-23
"
477,477,477,https://tsb.gc.ca/eng/enquetes-investigations/rail/2025/r25c0114/r25c0114.html,R25C0114,2018-02-23,"2018-02-23
"
478,478,478,https://tsb.gc.ca/eng/enquetes-investigations/rail/2025/r25c0131/r25c0131.html,R25C0131,2018-02-23,"2018-02-23
"
479,479,479,https://tsb.gc.ca/eng/enquetes-investigations/rail/2025/r25v0149/r25v0149.html,R25V0149,2018-02-23,"2018-02-23
"
480,480,480,https://tsb.gc.ca/eng/enquetes-investigations/rail/2026/r26t0099/r26t0099.html,R26T0099,2025-01-02,"2025-01-02
"
481,481,481,https://tsb.gc.ca/eng/enquetes-investigations/rail/2026/r26d0039/r26d0039.html,R26D0039,2019-02-14,"2019-02-14
"
